support,itemsets
0.22003034901365706,frozenset({'26 oz Double Wall Insulated Bottle'})
0.16995447647951442,frozenset({'8 pc Android Sticker Sheet'})
0.16995447647951442,frozenset({'Ballpoint LED Light Pen'})
0.15857359635811835,frozenset({'Foam Can and Bottle Cooler'})
0.19423368740515934,frozenset({'Four Color Retractable Pen'})
0.33990895295902884,frozenset({'Google 22 oz Water Bottle'})
0.1456752655538695,frozenset({'Google Blackout Cap'})
0.19575113808801214,frozenset({'Google Doodle Decal'})
0.17071320182094082,frozenset({'Google Kick Ball'})
0.38391502276176026,frozenset({'Google Laptop and Cell Phone Stickers'})
0.17830045523520485,"frozenset({""Google Men's  Zip Hoodie""})"
0.2701062215477997,"frozenset({""Google Men's 100% Cotton Short Sleeve Hero Tee Black""})"
0.19499241274658574,"frozenset({""Google Men's 100% Cotton Short Sleeve Hero Tee Navy""})"
0.1449165402124431,"frozenset({""Google Men's 100% Cotton Short Sleeve Hero Tee Red""})"
0.2329286798179059,"frozenset({""Google Men's 100% Cotton Short Sleeve Hero Tee White""})"
0.212443095599393,"frozenset({""Google Men's Bike Short Sleeve Tee Charcoal""})"
0.22534142640364188,"frozenset({""Google Men's Vintage Badge Tee Black""})"
0.16995447647951442,"frozenset({""Google Men's Vintage Badge Tee Sage""})"
0.15250379362670713,"frozenset({""Google Men's Vintage Badge Tee White""})"
0.20106221547799696,frozenset({'Google Metallic Notebook Set'})
0.37101669195751136,frozenset({'Google Sunglasses'})
0.2738998482549317,frozenset({'Google Twill Cap'})
0.1418816388467375,"frozenset({""Google Women's Vintage Hero Tee Black""})"
0.21471927162367224,frozenset({'Maze Pen'})
0.2496206373292868,frozenset({'Nest Cam IQ - USA'})
0.7154779969650986,frozenset({'Nest Cam Indoor Security Camera - USA'})
0.7169954476479514,frozenset({'Nest Cam Outdoor Security Camera - USA'})
0.212443095599393,frozenset({'Nest Learning Thermostat 3rd Gen-USA - Copper'})
0.716236722306525,frozenset({'Nest Learning Thermostat 3rd Gen-USA - Stainless Steel'})
0.40971168437025796,frozenset({'Nest Learning Thermostat 3rd Gen-USA - White'})
0.48406676783004554,frozenset({'Nest Protect Smoke + CO White Battery Alarm-USA'})
0.4286798179059181,frozenset({'Nest Protect Smoke + CO White Wired Alarm-USA'})
0.19802731411229135,frozenset({'Nest Secure Alarm System Starter Pack - USA'})
0.255690440060698,frozenset({'Nest Thermostat E - USA'})
0.13884673748103188,frozenset({'Recycled Paper Journal Set'})
0.17526555386949924,frozenset({'Red Shine 15 oz Mug'})
0.2291350531107739,frozenset({'Sport Bag'})
0.21320182094081944,frozenset({'Windup Android'})
0.23975720789074356,frozenset({'YouTube Custom Decals'})
0.1062215477996965,"frozenset({'Google 22 oz Water Bottle', '26 oz Double Wall Insulated Bottle'})"
0.11836115326251896,"frozenset({'26 oz Double Wall Insulated Bottle', 'Google Laptop and Cell Phone Stickers'})"
0.11608497723823975,"frozenset({'Google Sunglasses', '26 oz Double Wall Insulated Bottle'})"
0.17678300455235205,"frozenset({'Nest Cam Indoor Security Camera - USA', '26 oz Double Wall Insulated Bottle'})"
0.18361153262518967,"frozenset({'26 oz Double Wall Insulated Bottle', 'Nest Cam Outdoor Security Camera - USA'})"
0.17526555386949924,"frozenset({'Nest Learning Thermostat 3rd Gen-USA - Stainless Steel', '26 oz Double Wall Insulated Bottle'})"
0.11380880121396054,"frozenset({'Nest Learning Thermostat 3rd Gen-USA - White', '26 oz Double Wall Insulated Bottle'})"
0.13201820940819423,"frozenset({'Nest Protect Smoke + CO White Battery Alarm-USA', '26 oz Double Wall Insulated Bottle'})"
0.1282245827010622,"frozenset({'Nest Protect Smoke + CO White Wired Alarm-USA', '26 oz Double Wall Insulated Bottle'})"
0.1047040971168437,"frozenset({'8 pc Android Sticker Sheet', 'Google Laptop and Cell Phone Stickers'})"
0.1433990895295903,"frozenset({'Nest Cam Indoor Security Camera - USA', '8 pc Android Sticker Sheet'})"
0.1433990895295903,"frozenset({'8 pc Android Sticker Sheet', 'Nest Cam Outdoor Security Camera - USA'})"
0.1433990895295903,"frozenset({'8 pc Android Sticker Sheet', 'Nest Learning Thermostat 3rd Gen-USA - Stainless Steel'})"
0.10698027314112292,"frozenset({'Nest Learning Thermostat 3rd Gen-USA - White', '8 pc Android Sticker Sheet'})"
0.11001517450682853,"frozenset({'Nest Protect Smoke + CO White Battery Alarm-USA', '8 pc Android Sticker Sheet'})"
0.11153262518968134,"frozenset({'Nest Protect Smoke + CO White Wired Alarm-USA', '8 pc Android Sticker Sheet'})"
0.1411229135053111,"frozenset({'Nest Cam Indoor Security Camera - USA', 'Ballpoint LED Light Pen'})"
0.13960546282245828,"frozenset({'Ballpoint LED Light Pen', 'Nest Cam Outdoor Security Camera - USA'})"
0.13884673748103188,"frozenset({'Nest Learning Thermostat 3rd Gen-USA - Stainless Steel', 'Ballpoint LED Light Pen'})"
0.10091047040971168,"frozenset({'Nest Learning Thermostat 3rd Gen-USA - White', 'Ballpoint LED Light Pen'})"
0.10698027314112292,"frozenset({'Nest Protect Smoke + CO White Battery Alarm-USA', 'Ballpoint LED Light Pen'})"
0.13277693474962063,"frozenset({'Foam Can and Bottle Cooler', 'Nest Cam Indoor Security Camera - USA'})"
0.13125948406676782,"frozenset({'Foam Can and Bottle Cooler', 'Nest Cam Outdoor Security Camera - USA'})"
0.13581183611532624,"frozenset({'Foam Can and Bottle Cooler', 'Nest Learning Thermostat 3rd Gen-USA - Stainless Steel'})"
0.10015174506828528,"frozenset({'Google 22 oz Water Bottle', 'Four Color Retractable Pen'})"
0.11760242792109256,"frozenset({'Four Color Retractable Pen', 'Google Laptop and Cell Phone Stickers'})"
0.11077389984825493,"frozenset({'Google Sunglasses', 'Four Color Retractable Pen'})"
0.1676783004552352,"frozenset({'Nest Cam Indoor Security Camera - USA', 'Four Color Retractable Pen'})"
0.1661608497723824,"frozenset({'Nest Cam Outdoor Security Camera - USA', 'Four Color Retractable Pen'})"
0.16160849772382396,"frozenset({'Nest Learning Thermostat 3rd Gen-USA - Stainless Steel', 'Four Color Retractable Pen'})"
0.11229135053110774,"frozenset({'Nest Learning Thermostat 3rd Gen-USA - White', 'Four Color Retractable Pen'})"
0.12898330804248861,"frozenset({'Nest Protect Smoke + CO White Battery Alarm-USA', 'Four Color Retractable Pen'})"
0.11987860394537178,"frozenset({'Nest Protect Smoke + CO White Wired Alarm-USA', 'Four Color Retractable Pen'})"
0.11229135053110774,"frozenset({'Google 22 oz Water Bottle', 'Google Doodle Decal'})"
0.18285280728376327,"frozenset({'Google 22 oz Water Bottle', 'Google Laptop and Cell Phone Stickers'})"
0.125948406676783,"frozenset({'Google 22 oz Water Bottle', ""Google Men's 100% Cotton Short Sleeve Hero Tee Black""})"
0.1062215477996965,"frozenset({'Google 22 oz Water Bottle', ""Google Men's 100% Cotton Short Sleeve Hero Tee White""})"
0.1062215477996965,"frozenset({'Google 22 oz Water Bottle', ""Google Men's Bike Short Sleeve Tee Charcoal""})"
0.10773899848254932,"frozenset({'Google 22 oz Water Bottle', ""Google Men's Vintage Badge Tee Black""})"
0.1047040971168437,"frozenset({'Google 22 oz Water Bottle', 'Google Metallic Notebook Set'})"
0.18512898330804248,"frozenset({'Google 22 oz Water Bottle', 'Google Sunglasses'})"
0.1267071320182094,"frozenset({'Google 22 oz Water Bottle', 'Google Twill Cap'})"
0.10242792109256449,"frozenset({'Google 22 oz Water Bottle', 'Maze Pen'})"
0.1267071320182094,"frozenset({'Google 22 oz Water Bottle', 'Nest Cam IQ - USA'})"
0.2746585735963581,"frozenset({'Google 22 oz Water Bottle', 'Nest Cam Indoor Security Camera - USA'})"
0.2716236722306525,"frozenset({'Google 22 oz Water Bottle', 'Nest Cam Outdoor Security Camera - USA'})"
0.10242792109256449,"frozenset({'Google 22 oz Water Bottle', 'Nest Learning Thermostat 3rd Gen-USA - Copper'})"
0.27996965098634297,"frozenset({'Google 22 oz Water Bottle', 'Nest Learning Thermostat 3rd Gen-USA - Stainless Steel'})"
0.17754172989377845,"frozenset({'Google 22 oz Water Bottle', 'Nest Learning Thermostat 3rd Gen-USA - White'})"
0.20182094081942337,"frozenset({'Google 22 oz Water Bottle', 'Nest Protect Smoke + CO White Battery Alarm-USA'})"
0.18892261001517452,"frozenset({'Google 22 oz Water Bottle', 'Nest Protect Smoke + CO White Wired Alarm-USA'})"
0.11608497723823975,"frozenset({'Google 22 oz Water Bottle', 'Nest Thermostat E - USA'})"
0.13657056145675264,"frozenset({'Google 22 oz Water Bottle', 'Sport Bag'})"
0.11380880121396054,"frozenset({'Google 22 oz Water Bottle', 'Windup Android'})"
0.13125948406676782,"frozenset({'Google 22 oz Water Bottle', 'YouTube Custom Decals'})"
0.12139605462822459,"frozenset({'Google Blackout Cap', 'Nest Cam Indoor Security Camera - USA'})"
0.12139605462822459,"frozenset({'Google Blackout Cap', 'Nest Cam Outdoor Security Camera - USA'})"
0.12215477996965099,"frozenset({'Google Blackout Cap', 'Nest Learning Thermostat 3rd Gen-USA - Stainless Steel'})"
0.13960546282245828,"frozenset({'Google Doodle Decal', 'Google Laptop and Cell Phone Stickers'})"
0.11456752655538695,"frozenset({'Google Doodle Decal', 'Google Sunglasses'})"
0.16843702579666162,"frozenset({'Google Doodle Decal', 'Nest Cam Indoor Security Camera - USA'})"
0.1631259484066768,"frozenset({'Google Doodle Decal', 'Nest Cam Outdoor Security Camera - USA'})"
0.165402124430956,"frozenset({'Google Doodle Decal', 'Nest Learning Thermostat 3rd Gen-USA - Stainless Steel'})"
0.1054628224582701,"frozenset({'Nest Learning Thermostat 3rd Gen-USA - White', 'Google Doodle Decal'})"
0.1251896813353566,"frozenset({'Google Doodle Decal', 'Nest Protect Smoke + CO White Battery Alarm-USA'})"
0.11987860394537178,"frozenset({'Google Doodle Decal', 'Nest Protect Smoke + CO White Wired Alarm-USA'})"
0.1411229135053111,"frozenset({'Google Kick Ball', 'Nest Cam Indoor Security Camera - USA'})"
0.13429438543247343,"frozenset({'Google Kick Ball', 'Nest Cam Outdoor Security Camera - USA'})"
0.13505311077389984,"frozenset({'Google Kick Ball', 'Nest Learning Thermostat 3rd Gen-USA - Stainless Steel'})"
0.1062215477996965,"frozenset({'Google Kick Ball', 'Nest Protect Smoke + CO White Battery Alarm-USA'})"
0.10091047040971168,"frozenset({'Nest Protect Smoke + CO White Wired Alarm-USA', 'Google Kick Ball'})"
0.11153262518968134,"frozenset({""Google Men's  Zip Hoodie"", 'Google Laptop and Cell Phone Stickers'})"
0.15022761760242792,"frozenset({""Google Men's 100% Cotton Short Sleeve Hero Tee Black"", 'Google Laptop and Cell Phone Stickers'})"
0.10698027314112292,"frozenset({""Google Men's 100% Cotton Short Sleeve Hero Tee Navy"", 'Google Laptop and Cell Phone Stickers'})"
0.12215477996965099,"frozenset({""Google Men's 100% Cotton Short Sleeve Hero Tee White"", 'Google Laptop and Cell Phone Stickers'})"
0.11911987860394538,"frozenset({""Google Men's Bike Short Sleeve Tee Charcoal"", 'Google Laptop and Cell Phone Stickers'})"
0.11456752655538695,"frozenset({""Google Men's Vintage Badge Tee Black"", 'Google Laptop and Cell Phone Stickers'})"
0.11608497723823975,"frozenset({'Google Metallic Notebook Set', 'Google Laptop and Cell Phone Stickers'})"
0.20409711684370258,"frozenset({'Google Sunglasses', 'Google Laptop and Cell Phone Stickers'})"
0.1449165402124431,"frozenset({'Google Twill Cap', 'Google Laptop and Cell Phone Stickers'})"
0.12898330804248861,"frozenset({'Maze Pen', 'Google Laptop and Cell Phone Stickers'})"
0.13353566009104703,"frozenset({'Nest Cam IQ - USA', 'Google Laptop and Cell Phone Stickers'})"
0.3232169954476479,"frozenset({'Nest Cam Indoor Security Camera - USA', 'Google Laptop and Cell Phone Stickers'})"
0.3118361153262519,"frozenset({'Nest Cam Outdoor Security Camera - USA', 'Google Laptop and Cell Phone Stickers'})"
0.11305007587253414,"frozenset({'Nest Learning Thermostat 3rd Gen-USA - Copper', 'Google Laptop and Cell Phone Stickers'})"
0.3125948406676783,"frozenset({'Nest Learning Thermostat 3rd Gen-USA - Stainless Steel', 'Google Laptop and Cell Phone Stickers'})"
0.20561456752655538,"frozenset({'Nest Learning Thermostat 3rd Gen-USA - White', 'Google Laptop and Cell Phone Stickers'})"
0.23975720789074356,"frozenset({'Nest Protect Smoke + CO White Battery Alarm-USA', 'Google Laptop and Cell Phone Stickers'})"
0.21471927162367224,"frozenset({'Nest Protect Smoke + CO White Wired Alarm-USA', 'Google Laptop and Cell Phone Stickers'})"
0.10242792109256449,"frozenset({'Nest Secure Alarm System Starter Pack - USA', 'Google Laptop and Cell Phone Stickers'})"
0.12139605462822459,"frozenset({'Nest Thermostat E - USA', 'Google Laptop and Cell Phone Stickers'})"
0.10091047040971168,"frozenset({'Red Shine 15 oz Mug', 'Google Laptop and Cell Phone Stickers'})"
0.13429438543247343,"frozenset({'Sport Bag', 'Google Laptop and Cell Phone Stickers'})"
0.1236722306525038,"frozenset({'Windup Android', 'Google Laptop and Cell Phone Stickers'})"
0.15933232169954475,"frozenset({'YouTube Custom Decals', 'Google Laptop and Cell Phone Stickers'})"
0.15402124430955993,"frozenset({'Nest Cam Indoor Security Camera - USA', ""Google Men's  Zip Hoodie""})"
0.15477996965098634,"frozenset({""Google Men's  Zip Hoodie"", 'Nest Cam Outdoor Security Camera - USA'})"
0.15402124430955993,"frozenset({'Nest Learning Thermostat 3rd Gen-USA - Stainless Steel', ""Google Men's  Zip Hoodie""})"
0.12139605462822459,"frozenset({'Nest Protect Smoke + CO White Battery Alarm-USA', ""Google Men's  Zip Hoodie""})"
0.11077389984825493,"frozenset({'Nest Protect Smoke + CO White Wired Alarm-USA', ""Google Men's  Zip Hoodie""})"
0.1039453717754173,"frozenset({""Google Men's 100% Cotton Short Sleeve Hero Tee Black"", ""Google Men's 100% Cotton Short Sleeve Hero Tee Navy""})"
0.11380880121396054,"frozenset({""Google Men's 100% Cotton Short Sleeve Hero Tee Black"", ""Google Men's 100% Cotton Short Sleeve Hero Tee White""})"
0.1054628224582701,"frozenset({""Google Men's Vintage Badge Tee Black"", ""Google Men's 100% Cotton Short Sleeve Hero Tee Black""})"
0.1433990895295903,"frozenset({""Google Men's 100% Cotton Short Sleeve Hero Tee Black"", 'Google Sunglasses'})"
0.11229135053110774,"frozenset({""Google Men's 100% Cotton Short Sleeve Hero Tee Black"", 'Google Twill Cap'})"
0.2306525037936267,"frozenset({""Google Men's 100% Cotton Short Sleeve Hero Tee Black"", 'Nest Cam Indoor Security Camera - USA'})"
0.2268588770864947,"frozenset({""Google Men's 100% Cotton Short Sleeve Hero Tee Black"", 'Nest Cam Outdoor Security Camera - USA'})"
0.21927162367223066,"frozenset({""Google Men's 100% Cotton Short Sleeve Hero Tee Black"", 'Nest Learning Thermostat 3rd Gen-USA - Stainless Steel'})"
0.1479514415781487,"frozenset({'Nest Learning Thermostat 3rd Gen-USA - White', ""Google Men's 100% Cotton Short Sleeve Hero Tee Black""})"
0.17754172989377845,"frozenset({""Google Men's 100% Cotton Short Sleeve Hero Tee Black"", 'Nest Protect Smoke + CO White Battery Alarm-USA'})"
0.15781487101669195,"frozenset({""Google Men's 100% Cotton Short Sleeve Hero Tee Black"", 'Nest Protect Smoke + CO White Wired Alarm-USA'})"
0.10773899848254932,"frozenset({""Google Men's 100% Cotton Short Sleeve Hero Tee Navy"", 'Google Sunglasses'})"
0.1669195751138088,"frozenset({'Nest Cam Indoor Security Camera - USA', ""Google Men's 100% Cotton Short Sleeve Hero Tee Navy""})"
0.1631259484066768,"frozenset({""Google Men's 100% Cotton Short Sleeve Hero Tee Navy"", 'Nest Cam Outdoor Security Camera - USA'})"
0.1631259484066768,"frozenset({""Google Men's 100% Cotton Short Sleeve Hero Tee Navy"", 'Nest Learning Thermostat 3rd Gen-USA - Stainless Steel'})"
0.12215477996965099,"frozenset({'Nest Protect Smoke + CO White Battery Alarm-USA', ""Google Men's 100% Cotton Short Sleeve Hero Tee Navy""})"
0.12215477996965099,"frozenset({'Nest Protect Smoke + CO White Wired Alarm-USA', ""Google Men's 100% Cotton Short Sleeve Hero Tee Navy""})"
0.1236722306525038,"frozenset({""Google Men's 100% Cotton Short Sleeve Hero Tee Red"", 'Nest Cam Indoor Security Camera - USA'})"
0.12974203338391502,"frozenset({""Google Men's 100% Cotton Short Sleeve Hero Tee Red"", 'Nest Cam Outdoor Security Camera - USA'})"
0.1244309559939302,"frozenset({""Google Men's 100% Cotton Short Sleeve Hero Tee Red"", 'Nest Learning Thermostat 3rd Gen-USA - Stainless Steel'})"
0.10166919575113809,"frozenset({""Google Men's 100% Cotton Short Sleeve Hero Tee White"", ""Google Men's Bike Short Sleeve Tee Charcoal""})"
0.12215477996965099,"frozenset({""Google Men's 100% Cotton Short Sleeve Hero Tee White"", 'Google Sunglasses'})"
0.20106221547799696,"frozenset({'Nest Cam Indoor Security Camera - USA', ""Google Men's 100% Cotton Short Sleeve Hero Tee White""})"
0.19650986342943855,"frozenset({""Google Men's 100% Cotton Short Sleeve Hero Tee White"", 'Nest Cam Outdoor Security Camera - USA'})"
0.19499241274658574,"frozenset({""Google Men's 100% Cotton Short Sleeve Hero Tee White"", 'Nest Learning Thermostat 3rd Gen-USA - Stainless Steel'})"
0.11836115326251896,"frozenset({'Nest Learning Thermostat 3rd Gen-USA - White', ""Google Men's 100% Cotton Short Sleeve Hero Tee White""})"
0.1433990895295903,"frozenset({'Nest Protect Smoke + CO White Battery Alarm-USA', ""Google Men's 100% Cotton Short Sleeve Hero Tee White""})"
0.13353566009104703,"frozenset({'Nest Protect Smoke + CO White Wired Alarm-USA', ""Google Men's 100% Cotton Short Sleeve Hero Tee White""})"
0.11836115326251896,"frozenset({'Google Sunglasses', ""Google Men's Bike Short Sleeve Tee Charcoal""})"
0.18133535660091046,"frozenset({'Nest Cam Indoor Security Camera - USA', ""Google Men's Bike Short Sleeve Tee Charcoal""})"
0.18209408194233687,"frozenset({""Google Men's Bike Short Sleeve Tee Charcoal"", 'Nest Cam Outdoor Security Camera - USA'})"
0.17981790591805766,"frozenset({'Nest Learning Thermostat 3rd Gen-USA - Stainless Steel', ""Google Men's Bike Short Sleeve Tee Charcoal""})"
0.10925644916540213,"frozenset({'Nest Learning Thermostat 3rd Gen-USA - White', ""Google Men's Bike Short Sleeve Tee Charcoal""})"
0.13732928679817905,"frozenset({'Nest Protect Smoke + CO White Battery Alarm-USA', ""Google Men's Bike Short Sleeve Tee Charcoal""})"
0.1274658573596358,"frozenset({'Nest Protect Smoke + CO White Wired Alarm-USA', ""Google Men's Bike Short Sleeve Tee Charcoal""})"
0.11532625189681335,"frozenset({""Google Men's Vintage Badge Tee Black"", 'Google Sunglasses'})"
0.19347496206373294,"frozenset({""Google Men's Vintage Badge Tee Black"", 'Nest Cam Indoor Security Camera - USA'})"
0.18816388467374812,"frozenset({""Google Men's Vintage Badge Tee Black"", 'Nest Cam Outdoor Security Camera - USA'})"
0.18892261001517452,"frozenset({""Google Men's Vintage Badge Tee Black"", 'Nest Learning Thermostat 3rd Gen-USA - Stainless Steel'})"
0.13732928679817905,"frozenset({'Nest Learning Thermostat 3rd Gen-USA - White', ""Google Men's Vintage Badge Tee Black""})"
0.13808801213960548,"frozenset({""Google Men's Vintage Badge Tee Black"", 'Nest Protect Smoke + CO White Battery Alarm-USA'})"
0.12974203338391502,"frozenset({""Google Men's Vintage Badge Tee Black"", 'Nest Protect Smoke + CO White Wired Alarm-USA'})"
0.1433990895295903,"frozenset({'Nest Cam Indoor Security Camera - USA', ""Google Men's Vintage Badge Tee Sage""})"
0.13884673748103188,"frozenset({'Nest Cam Outdoor Security Camera - USA', ""Google Men's Vintage Badge Tee Sage""})"
0.13581183611532624,"frozenset({'Nest Learning Thermostat 3rd Gen-USA - Stainless Steel', ""Google Men's Vintage Badge Tee Sage""})"
0.10242792109256449,"frozenset({'Nest Protect Smoke + CO White Battery Alarm-USA', ""Google Men's Vintage Badge Tee Sage""})"
0.12215477996965099,"frozenset({""Google Men's Vintage Badge Tee White"", 'Nest Cam Indoor Security Camera - USA'})"
0.1236722306525038,"frozenset({""Google Men's Vintage Badge Tee White"", 'Nest Cam Outdoor Security Camera - USA'})"
0.1244309559939302,"frozenset({""Google Men's Vintage Badge Tee White"", 'Nest Learning Thermostat 3rd Gen-USA - Stainless Steel'})"
0.11001517450682853,"frozenset({'Google Metallic Notebook Set', 'Google Sunglasses'})"
0.17298937784522003,"frozenset({'Google Metallic Notebook Set', 'Nest Cam Indoor Security Camera - USA'})"
0.16919575113808802,"frozenset({'Google Metallic Notebook Set', 'Nest Cam Outdoor Security Camera - USA'})"
0.17450682852807284,"frozenset({'Google Metallic Notebook Set', 'Nest Learning Thermostat 3rd Gen-USA - Stainless Steel'})"
0.11305007587253414,"frozenset({'Nest Learning Thermostat 3rd Gen-USA - White', 'Google Metallic Notebook Set'})"
0.13277693474962063,"frozenset({'Google Metallic Notebook Set', 'Nest Protect Smoke + CO White Battery Alarm-USA'})"
0.11836115326251896,"frozenset({'Nest Protect Smoke + CO White Wired Alarm-USA', 'Google Metallic Notebook Set'})"
0.1418816388467375,"frozenset({'Google Twill Cap', 'Google Sunglasses'})"
0.11684370257966616,"frozenset({'Maze Pen', 'Google Sunglasses'})"
0.125948406676783,"frozenset({'Nest Cam IQ - USA', 'Google Sunglasses'})"
0.30576631259484066,"frozenset({'Nest Cam Indoor Security Camera - USA', 'Google Sunglasses'})"
0.30349013657056145,"frozenset({'Google Sunglasses', 'Nest Cam Outdoor Security Camera - USA'})"
0.11456752655538695,"frozenset({'Nest Learning Thermostat 3rd Gen-USA - Copper', 'Google Sunglasses'})"
0.3110773899848255,"frozenset({'Google Sunglasses', 'Nest Learning Thermostat 3rd Gen-USA - Stainless Steel'})"
0.20409711684370258,"frozenset({'Nest Learning Thermostat 3rd Gen-USA - White', 'Google Sunglasses'})"
0.23596358118361152,"frozenset({'Nest Protect Smoke + CO White Battery Alarm-USA', 'Google Sunglasses'})"
0.21623672230652505,"frozenset({'Nest Protect Smoke + CO White Wired Alarm-USA', 'Google Sunglasses'})"
0.11608497723823975,"frozenset({'Nest Thermostat E - USA', 'Google Sunglasses'})"
0.13125948406676782,"frozenset({'Sport Bag', 'Google Sunglasses'})"
0.125948406676783,"frozenset({'Google Sunglasses', 'Windup Android'})"
0.14036418816388468,"frozenset({'YouTube Custom Decals', 'Google Sunglasses'})"
0.11229135053110774,"frozenset({'Google Twill Cap', 'Nest Cam IQ - USA'})"
0.22534142640364188,"frozenset({'Google Twill Cap', 'Nest Cam Indoor Security Camera - USA'})"
0.22458270106221548,"frozenset({'Google Twill Cap', 'Nest Cam Outdoor Security Camera - USA'})"
0.2321699544764795,"frozenset({'Google Twill Cap', 'Nest Learning Thermostat 3rd Gen-USA - Stainless Steel'})"
0.15553869499241274,"frozenset({'Nest Learning Thermostat 3rd Gen-USA - White', 'Google Twill Cap'})"
0.17071320182094082,"frozenset({'Google Twill Cap', 'Nest Protect Smoke + CO White Battery Alarm-USA'})"
0.15553869499241274,"frozenset({'Google Twill Cap', 'Nest Protect Smoke + CO White Wired Alarm-USA'})"
0.11532625189681335,"frozenset({'Google Twill Cap', 'Nest Thermostat E - USA'})"
0.11911987860394538,"frozenset({'Nest Cam Indoor Security Camera - USA', ""Google Women's Vintage Hero Tee Black""})"
0.11911987860394538,"frozenset({'Nest Cam Outdoor Security Camera - USA', ""Google Women's Vintage Hero Tee Black""})"
0.11911987860394538,"frozenset({'Nest Learning Thermostat 3rd Gen-USA - Stainless Steel', ""Google Women's Vintage Hero Tee Black""})"
0.17905918057663125,"frozenset({'Maze Pen', 'Nest Cam Indoor Security Camera - USA'})"
0.17450682852807284,"frozenset({'Maze Pen', 'Nest Cam Outdoor Security Camera - USA'})"
0.17071320182094082,"frozenset({'Maze Pen', 'Nest Learning Thermostat 3rd Gen-USA - Stainless Steel'})"
0.11305007587253414,"frozenset({'Nest Learning Thermostat 3rd Gen-USA - White', 'Maze Pen'})"
0.13429438543247343,"frozenset({'Maze Pen', 'Nest Protect Smoke + CO White Battery Alarm-USA'})"
0.1244309559939302,"frozenset({'Nest Protect Smoke + CO White Wired Alarm-USA', 'Maze Pen'})"
0.21471927162367224,"frozenset({'Nest Cam IQ - USA', 'Nest Cam Indoor Security Camera - USA'})"
0.21547799696509864,"frozenset({'Nest Cam IQ - USA', 'Nest Cam Outdoor Security Camera - USA'})"
0.10091047040971168,"frozenset({'Nest Learning Thermostat 3rd Gen-USA - Copper', 'Nest Cam IQ - USA'})"
0.21320182094081944,"frozenset({'Nest Cam IQ - USA', 'Nest Learning Thermostat 3rd Gen-USA - Stainless Steel'})"
0.17450682852807284,"frozenset({'Nest Learning Thermostat 3rd Gen-USA - White', 'Nest Cam IQ - USA'})"
0.1669195751138088,"frozenset({'Nest Cam IQ - USA', 'Nest Protect Smoke + CO White Battery Alarm-USA'})"
0.14946889226100152,"frozenset({'Nest Protect Smoke + CO White Wired Alarm-USA', 'Nest Cam IQ - USA'})"
0.12063732928679818,"frozenset({'Nest Secure Alarm System Starter Pack - USA', 'Nest Cam IQ - USA'})"
0.1479514415781487,"frozenset({'Nest Thermostat E - USA', 'Nest Cam IQ - USA'})"
0.6009104704097117,"frozenset({'Nest Cam Indoor Security Camera - USA', 'Nest Cam Outdoor Security Camera - USA'})"
0.18664643399089528,"frozenset({'Nest Learning Thermostat 3rd Gen-USA - Copper', 'Nest Cam Indoor Security Camera - USA'})"
0.5849772382397572,"frozenset({'Nest Cam Indoor Security Camera - USA', 'Nest Learning Thermostat 3rd Gen-USA - Stainless Steel'})"
0.3490136570561457,"frozenset({'Nest Learning Thermostat 3rd Gen-USA - White', 'Nest Cam Indoor Security Camera - USA'})"
0.40212443095599393,"frozenset({'Nest Protect Smoke + CO White Battery Alarm-USA', 'Nest Cam Indoor Security Camera - USA'})"
0.37860394537177544,"frozenset({'Nest Protect Smoke + CO White Wired Alarm-USA', 'Nest Cam Indoor Security Camera - USA'})"
0.1661608497723824,"frozenset({'Nest Secure Alarm System Starter Pack - USA', 'Nest Cam Indoor Security Camera - USA'})"
0.21623672230652505,"frozenset({'Nest Thermostat E - USA', 'Nest Cam Indoor Security Camera - USA'})"
0.11684370257966616,"frozenset({'Recycled Paper Journal Set', 'Nest Cam Indoor Security Camera - USA'})"
0.15098634294385432,"frozenset({'Nest Cam Indoor Security Camera - USA', 'Red Shine 15 oz Mug'})"
0.18512898330804248,"frozenset({'Sport Bag', 'Nest Cam Indoor Security Camera - USA'})"
0.18437025796661607,"frozenset({'Nest Cam Indoor Security Camera - USA', 'Windup Android'})"
0.20485584218512898,"frozenset({'Nest Cam Indoor Security Camera - USA', 'YouTube Custom Decals'})"
0.17905918057663125,"frozenset({'Nest Learning Thermostat 3rd Gen-USA - Copper', 'Nest Cam Outdoor Security Camera - USA'})"
0.582701062215478,"frozenset({'Nest Learning Thermostat 3rd Gen-USA - Stainless Steel', 'Nest Cam Outdoor Security Camera - USA'})"
0.34446130500758726,"frozenset({'Nest Learning Thermostat 3rd Gen-USA - White', 'Nest Cam Outdoor Security Camera - USA'})"
0.40819423368740515,"frozenset({'Nest Protect Smoke + CO White Battery Alarm-USA', 'Nest Cam Outdoor Security Camera - USA'})"
0.36494688922610014,"frozenset({'Nest Protect Smoke + CO White Wired Alarm-USA', 'Nest Cam Outdoor Security Camera - USA'})"
0.16236722306525037,"frozenset({'Nest Secure Alarm System Starter Pack - USA', 'Nest Cam Outdoor Security Camera - USA'})"
0.2071320182094082,"frozenset({'Nest Thermostat E - USA', 'Nest Cam Outdoor Security Camera - USA'})"
0.11987860394537178,"frozenset({'Recycled Paper Journal Set', 'Nest Cam Outdoor Security Camera - USA'})"
0.15022761760242792,"frozenset({'Nest Cam Outdoor Security Camera - USA', 'Red Shine 15 oz Mug'})"
0.18664643399089528,"frozenset({'Sport Bag', 'Nest Cam Outdoor Security Camera - USA'})"
0.17526555386949924,"frozenset({'Windup Android', 'Nest Cam Outdoor Security Camera - USA'})"
0.20182094081942337,"frozenset({'YouTube Custom Decals', 'Nest Cam Outdoor Security Camera - USA'})"
0.18361153262518967,"frozenset({'Nest Learning Thermostat 3rd Gen-USA - Copper', 'Nest Learning Thermostat 3rd Gen-USA - Stainless Steel'})"
0.1411229135053111,"frozenset({'Nest Learning Thermostat 3rd Gen-USA - White', 'Nest Learning Thermostat 3rd Gen-USA - Copper'})"
0.14946889226100152,"frozenset({'Nest Learning Thermostat 3rd Gen-USA - Copper', 'Nest Protect Smoke + CO White Battery Alarm-USA'})"
0.13429438543247343,"frozenset({'Nest Protect Smoke + CO White Wired Alarm-USA', 'Nest Learning Thermostat 3rd Gen-USA - Copper'})"
0.34522003034901366,"frozenset({'Nest Learning Thermostat 3rd Gen-USA - White', 'Nest Learning Thermostat 3rd Gen-USA - Stainless Steel'})"
0.4142640364188164,"frozenset({'Nest Protect Smoke + CO White Battery Alarm-USA', 'Nest Learning Thermostat 3rd Gen-USA - Stainless Steel'})"
0.37481031866464337,"frozenset({'Nest Protect Smoke + CO White Wired Alarm-USA', 'Nest Learning Thermostat 3rd Gen-USA - Stainless Steel'})"
0.17374810318664644,"frozenset({'Nest Secure Alarm System Starter Pack - USA', 'Nest Learning Thermostat 3rd Gen-USA - Stainless Steel'})"
0.22458270106221548,"frozenset({'Nest Thermostat E - USA', 'Nest Learning Thermostat 3rd Gen-USA - Stainless Steel'})"
0.12139605462822459,"frozenset({'Recycled Paper Journal Set', 'Nest Learning Thermostat 3rd Gen-USA - Stainless Steel'})"
0.15326251896813353,"frozenset({'Nest Learning Thermostat 3rd Gen-USA - Stainless Steel', 'Red Shine 15 oz Mug'})"
0.18285280728376327,"frozenset({'Sport Bag', 'Nest Learning Thermostat 3rd Gen-USA - Stainless Steel'})"
0.18209408194233687,"frozenset({'Windup Android', 'Nest Learning Thermostat 3rd Gen-USA - Stainless Steel'})"
0.19954476479514416,"frozenset({'YouTube Custom Decals', 'Nest Learning Thermostat 3rd Gen-USA - Stainless Steel'})"
0.26251896813353565,"frozenset({'Nest Learning Thermostat 3rd Gen-USA - White', 'Nest Protect Smoke + CO White Battery Alarm-USA'})"
0.2283763277693475,"frozenset({'Nest Learning Thermostat 3rd Gen-USA - White', 'Nest Protect Smoke + CO White Wired Alarm-USA'})"
0.13732928679817905,"frozenset({'Nest Learning Thermostat 3rd Gen-USA - White', 'Nest Secure Alarm System Starter Pack - USA'})"
0.17071320182094082,"frozenset({'Nest Learning Thermostat 3rd Gen-USA - White', 'Nest Thermostat E - USA'})"
0.1282245827010622,"frozenset({'Nest Learning Thermostat 3rd Gen-USA - White', 'Sport Bag'})"
0.1236722306525038,"frozenset({'Nest Learning Thermostat 3rd Gen-USA - White', 'Windup Android'})"
0.13277693474962063,"frozenset({'Nest Learning Thermostat 3rd Gen-USA - White', 'YouTube Custom Decals'})"
0.27541729893778455,"frozenset({'Nest Protect Smoke + CO White Wired Alarm-USA', 'Nest Protect Smoke + CO White Battery Alarm-USA'})"
0.13505311077389984,"frozenset({'Nest Secure Alarm System Starter Pack - USA', 'Nest Protect Smoke + CO White Battery Alarm-USA'})"
0.1638846737481032,"frozenset({'Nest Thermostat E - USA', 'Nest Protect Smoke + CO White Battery Alarm-USA'})"
0.12139605462822459,"frozenset({'Nest Protect Smoke + CO White Battery Alarm-USA', 'Red Shine 15 oz Mug'})"
0.1464339908952959,"frozenset({'Sport Bag', 'Nest Protect Smoke + CO White Battery Alarm-USA'})"
0.1464339908952959,"frozenset({'Nest Protect Smoke + CO White Battery Alarm-USA', 'Windup Android'})"
0.16236722306525037,"frozenset({'Nest Protect Smoke + CO White Battery Alarm-USA', 'YouTube Custom Decals'})"
0.12291350531107739,"frozenset({'Nest Secure Alarm System Starter Pack - USA', 'Nest Protect Smoke + CO White Wired Alarm-USA'})"
0.15553869499241274,"frozenset({'Nest Thermostat E - USA', 'Nest Protect Smoke + CO White Wired Alarm-USA'})"
0.11229135053110774,"frozenset({'Nest Protect Smoke + CO White Wired Alarm-USA', 'Red Shine 15 oz Mug'})"
0.13505311077389984,"frozenset({'Sport Bag', 'Nest Protect Smoke + CO White Wired Alarm-USA'})"
0.13429438543247343,"frozenset({'Nest Protect Smoke + CO White Wired Alarm-USA', 'Windup Android'})"
0.1426403641881639,"frozenset({'Nest Protect Smoke + CO White Wired Alarm-USA', 'YouTube Custom Decals'})"
0.15098634294385432,"frozenset({'Nest Secure Alarm System Starter Pack - USA', 'Nest Thermostat E - USA'})"
0.10318664643399089,"frozenset({'Nest Cam Indoor Security Camera - USA', '26 oz Double Wall Insulated Bottle', 'Google Laptop and Cell Phone Stickers'})"
0.1062215477996965,"frozenset({'Nest Cam Outdoor Security Camera - USA', '26 oz Double Wall Insulated Bottle', 'Google Laptop and Cell Phone Stickers'})"
0.10015174506828528,"frozenset({'Nest Learning Thermostat 3rd Gen-USA - Stainless Steel', '26 oz Double Wall Insulated Bottle', 'Google Laptop and Cell Phone Stickers'})"
0.1047040971168437,"frozenset({'Nest Cam Indoor Security Camera - USA', 'Google Sunglasses', '26 oz Double Wall Insulated Bottle'})"
0.1047040971168437,"frozenset({'Google Sunglasses', '26 oz Double Wall Insulated Bottle', 'Nest Cam Outdoor Security Camera - USA'})"
0.1062215477996965,"frozenset({'Nest Learning Thermostat 3rd Gen-USA - Stainless Steel', 'Google Sunglasses', '26 oz Double Wall Insulated Bottle'})"
0.16009104704097116,"frozenset({'Nest Cam Indoor Security Camera - USA', '26 oz Double Wall Insulated Bottle', 'Nest Cam Outdoor Security Camera - USA'})"
0.15629742033383914,"frozenset({'Nest Learning Thermostat 3rd Gen-USA - Stainless Steel', 'Nest Cam Indoor Security Camera - USA', '26 oz Double Wall Insulated Bottle'})"
0.10091047040971168,"frozenset({'Nest Learning Thermostat 3rd Gen-USA - White', 'Nest Cam Indoor Security Camera - USA', '26 oz Double Wall Insulated Bottle'})"
0.11684370257966616,"frozenset({'Nest Protect Smoke + CO White Battery Alarm-USA', 'Nest Cam Indoor Security Camera - USA', '26 oz Double Wall Insulated Bottle'})"
0.11987860394537178,"frozenset({'Nest Protect Smoke + CO White Wired Alarm-USA', 'Nest Cam Indoor Security Camera - USA', '26 oz Double Wall Insulated Bottle'})"
0.15705614567526555,"frozenset({'Nest Learning Thermostat 3rd Gen-USA - Stainless Steel', '26 oz Double Wall Insulated Bottle', 'Nest Cam Outdoor Security Camera - USA'})"
0.1062215477996965,"frozenset({'Nest Learning Thermostat 3rd Gen-USA - White', '26 oz Double Wall Insulated Bottle', 'Nest Cam Outdoor Security Camera - USA'})"
0.11836115326251896,"frozenset({'Nest Protect Smoke + CO White Battery Alarm-USA', '26 oz Double Wall Insulated Bottle', 'Nest Cam Outdoor Security Camera - USA'})"
0.11456752655538695,"frozenset({'Nest Protect Smoke + CO White Wired Alarm-USA', '26 oz Double Wall Insulated Bottle', 'Nest Cam Outdoor Security Camera - USA'})"
0.1047040971168437,"frozenset({'Nest Learning Thermostat 3rd Gen-USA - White', 'Nest Learning Thermostat 3rd Gen-USA - Stainless Steel', '26 oz Double Wall Insulated Bottle'})"
0.11684370257966616,"frozenset({'Nest Learning Thermostat 3rd Gen-USA - Stainless Steel', 'Nest Protect Smoke + CO White Battery Alarm-USA', '26 oz Double Wall Insulated Bottle'})"
0.11836115326251896,"frozenset({'Nest Learning Thermostat 3rd Gen-USA - Stainless Steel', 'Nest Protect Smoke + CO White Wired Alarm-USA', '26 oz Double Wall Insulated Bottle'})"
0.13125948406676782,"frozenset({'Nest Cam Indoor Security Camera - USA', '8 pc Android Sticker Sheet', 'Nest Cam Outdoor Security Camera - USA'})"
0.12898330804248861,"frozenset({'Nest Cam Indoor Security Camera - USA', '8 pc Android Sticker Sheet', 'Nest Learning Thermostat 3rd Gen-USA - Stainless Steel'})"
0.1054628224582701,"frozenset({'Nest Protect Smoke + CO White Wired Alarm-USA', 'Nest Cam Indoor Security Camera - USA', '8 pc Android Sticker Sheet'})"
0.1267071320182094,"frozenset({'Nest Learning Thermostat 3rd Gen-USA - Stainless Steel', '8 pc Android Sticker Sheet', 'Nest Cam Outdoor Security Camera - USA'})"
0.10242792109256449,"frozenset({'Nest Protect Smoke + CO White Battery Alarm-USA', '8 pc Android Sticker Sheet', 'Nest Cam Outdoor Security Camera - USA'})"
0.1039453717754173,"frozenset({'Nest Protect Smoke + CO White Wired Alarm-USA', '8 pc Android Sticker Sheet', 'Nest Cam Outdoor Security Camera - USA'})"
0.10166919575113809,"frozenset({'Nest Protect Smoke + CO White Battery Alarm-USA', '8 pc Android Sticker Sheet', 'Nest Learning Thermostat 3rd Gen-USA - Stainless Steel'})"
0.1039453717754173,"frozenset({'Nest Protect Smoke + CO White Wired Alarm-USA', '8 pc Android Sticker Sheet', 'Nest Learning Thermostat 3rd Gen-USA - Stainless Steel'})"
0.1267071320182094,"frozenset({'Ballpoint LED Light Pen', 'Nest Cam Indoor Security Camera - USA', 'Nest Cam Outdoor Security Camera - USA'})"
0.1274658573596358,"frozenset({'Nest Learning Thermostat 3rd Gen-USA - Stainless Steel', 'Nest Cam Indoor Security Camera - USA', 'Ballpoint LED Light Pen'})"
0.1236722306525038,"frozenset({'Nest Learning Thermostat 3rd Gen-USA - Stainless Steel', 'Ballpoint LED Light Pen', 'Nest Cam Outdoor Security Camera - USA'})"
0.12215477996965099,"frozenset({'Foam Can and Bottle Cooler', 'Nest Cam Indoor Security Camera - USA', 'Nest Cam Outdoor Security Camera - USA'})"
0.11911987860394538,"frozenset({'Foam Can and Bottle Cooler', 'Nest Cam Indoor Security Camera - USA', 'Nest Learning Thermostat 3rd Gen-USA - Stainless Steel'})"
0.11911987860394538,"frozenset({'Nest Learning Thermostat 3rd Gen-USA - Stainless Steel', 'Foam Can and Bottle Cooler', 'Nest Cam Outdoor Security Camera - USA'})"
0.10773899848254932,"frozenset({'Four Color Retractable Pen', 'Nest Cam Indoor Security Camera - USA', 'Google Laptop and Cell Phone Stickers'})"
0.1047040971168437,"frozenset({'Four Color Retractable Pen', 'Nest Cam Outdoor Security Camera - USA', 'Google Laptop and Cell Phone Stickers'})"
0.1039453717754173,"frozenset({'Four Color Retractable Pen', 'Nest Learning Thermostat 3rd Gen-USA - Stainless Steel', 'Google Laptop and Cell Phone Stickers'})"
0.1054628224582701,"frozenset({'Nest Cam Indoor Security Camera - USA', 'Google Sunglasses', 'Four Color Retractable Pen'})"
0.1054628224582701,"frozenset({'Google Sunglasses', 'Nest Cam Outdoor Security Camera - USA', 'Four Color Retractable Pen'})"
0.1047040971168437,"frozenset({'Google Sunglasses', 'Nest Learning Thermostat 3rd Gen-USA - Stainless Steel', 'Four Color Retractable Pen'})"
0.15402124430955993,"frozenset({'Nest Cam Indoor Security Camera - USA', 'Nest Cam Outdoor Security Camera - USA', 'Four Color Retractable Pen'})"
0.1479514415781487,"frozenset({'Nest Cam Indoor Security Camera - USA', 'Nest Learning Thermostat 3rd Gen-USA - Stainless Steel', 'Four Color Retractable Pen'})"
0.1054628224582701,"frozenset({'Nest Learning Thermostat 3rd Gen-USA - White', 'Nest Cam Indoor Security Camera - USA', 'Four Color Retractable Pen'})"
0.11911987860394538,"frozenset({'Nest Protect Smoke + CO White Battery Alarm-USA', 'Nest Cam Indoor Security Camera - USA', 'Four Color Retractable Pen'})"
0.11456752655538695,"frozenset({'Nest Protect Smoke + CO White Wired Alarm-USA', 'Nest Cam Indoor Security Camera - USA', 'Four Color Retractable Pen'})"
0.14871016691957512,"frozenset({'Four Color Retractable Pen', 'Nest Learning Thermostat 3rd Gen-USA - Stainless Steel', 'Nest Cam Outdoor Security Camera - USA'})"
0.1047040971168437,"frozenset({'Nest Learning Thermostat 3rd Gen-USA - White', 'Nest Cam Outdoor Security Camera - USA', 'Four Color Retractable Pen'})"
0.11911987860394538,"frozenset({'Nest Protect Smoke + CO White Battery Alarm-USA', 'Nest Cam Outdoor Security Camera - USA', 'Four Color Retractable Pen'})"
0.11001517450682853,"frozenset({'Nest Protect Smoke + CO White Wired Alarm-USA', 'Nest Cam Outdoor Security Camera - USA', 'Four Color Retractable Pen'})"
0.10166919575113809,"frozenset({'Nest Learning Thermostat 3rd Gen-USA - White', 'Nest Learning Thermostat 3rd Gen-USA - Stainless Steel', 'Four Color Retractable Pen'})"
0.12139605462822459,"frozenset({'Nest Protect Smoke + CO White Battery Alarm-USA', 'Nest Learning Thermostat 3rd Gen-USA - Stainless Steel', 'Four Color Retractable Pen'})"
0.11229135053110774,"frozenset({'Nest Protect Smoke + CO White Wired Alarm-USA', 'Nest Learning Thermostat 3rd Gen-USA - Stainless Steel', 'Four Color Retractable Pen'})"
0.10166919575113809,"frozenset({'Google 22 oz Water Bottle', 'Google Doodle Decal', 'Nest Learning Thermostat 3rd Gen-USA - Stainless Steel'})"
0.1236722306525038,"frozenset({'Google 22 oz Water Bottle', 'Google Sunglasses', 'Google Laptop and Cell Phone Stickers'})"
0.16236722306525037,"frozenset({'Google 22 oz Water Bottle', 'Nest Cam Indoor Security Camera - USA', 'Google Laptop and Cell Phone Stickers'})"
0.15477996965098634,"frozenset({'Google 22 oz Water Bottle', 'Nest Cam Outdoor Security Camera - USA', 'Google Laptop and Cell Phone Stickers'})"
0.1631259484066768,"frozenset({'Google 22 oz Water Bottle', 'Nest Learning Thermostat 3rd Gen-USA - Stainless Steel', 'Google Laptop and Cell Phone Stickers'})"
0.11001517450682853,"frozenset({'Google 22 oz Water Bottle', 'Nest Learning Thermostat 3rd Gen-USA - White', 'Google Laptop and Cell Phone Stickers'})"
0.12063732928679818,"frozenset({'Google 22 oz Water Bottle', 'Nest Protect Smoke + CO White Battery Alarm-USA', 'Google Laptop and Cell Phone Stickers'})"
0.12063732928679818,"frozenset({'Google 22 oz Water Bottle', 'Nest Protect Smoke + CO White Wired Alarm-USA', 'Google Laptop and Cell Phone Stickers'})"
0.11608497723823975,"frozenset({'Google 22 oz Water Bottle', ""Google Men's 100% Cotton Short Sleeve Hero Tee Black"", 'Nest Cam Indoor Security Camera - USA'})"
0.11153262518968134,"frozenset({'Google 22 oz Water Bottle', ""Google Men's 100% Cotton Short Sleeve Hero Tee Black"", 'Nest Cam Outdoor Security Camera - USA'})"
0.11229135053110774,"frozenset({'Google 22 oz Water Bottle', ""Google Men's 100% Cotton Short Sleeve Hero Tee Black"", 'Nest Learning Thermostat 3rd Gen-USA - Stainless Steel'})"
0.10015174506828528,"frozenset({'Google 22 oz Water Bottle', ""Google Men's Vintage Badge Tee Black"", 'Nest Learning Thermostat 3rd Gen-USA - Stainless Steel'})"
0.15705614567526555,"frozenset({'Google 22 oz Water Bottle', 'Nest Cam Indoor Security Camera - USA', 'Google Sunglasses'})"
0.16084977238239756,"frozenset({'Google 22 oz Water Bottle', 'Google Sunglasses', 'Nest Cam Outdoor Security Camera - USA'})"
0.1669195751138088,"frozenset({'Google 22 oz Water Bottle', 'Google Sunglasses', 'Nest Learning Thermostat 3rd Gen-USA - Stainless Steel'})"
0.11760242792109256,"frozenset({'Google 22 oz Water Bottle', 'Nest Learning Thermostat 3rd Gen-USA - White', 'Google Sunglasses'})"
0.13125948406676782,"frozenset({'Google 22 oz Water Bottle', 'Nest Protect Smoke + CO White Battery Alarm-USA', 'Google Sunglasses'})"
0.12215477996965099,"frozenset({'Google 22 oz Water Bottle', 'Nest Protect Smoke + CO White Wired Alarm-USA', 'Google Sunglasses'})"
0.11532625189681335,"frozenset({'Google 22 oz Water Bottle', 'Google Twill Cap', 'Nest Cam Indoor Security Camera - USA'})"
0.10849772382397573,"frozenset({'Google 22 oz Water Bottle', 'Google Twill Cap', 'Nest Cam Outdoor Security Camera - USA'})"
0.11456752655538695,"frozenset({'Google 22 oz Water Bottle', 'Google Twill Cap', 'Nest Learning Thermostat 3rd Gen-USA - Stainless Steel'})"
0.11608497723823975,"frozenset({'Google 22 oz Water Bottle', 'Nest Cam IQ - USA', 'Nest Cam Indoor Security Camera - USA'})"
0.11153262518968134,"frozenset({'Google 22 oz Water Bottle', 'Nest Cam IQ - USA', 'Nest Cam Outdoor Security Camera - USA'})"
0.11608497723823975,"frozenset({'Google 22 oz Water Bottle', 'Nest Cam IQ - USA', 'Nest Learning Thermostat 3rd Gen-USA - Stainless Steel'})"
0.24355083459787558,"frozenset({'Google 22 oz Water Bottle', 'Nest Cam Indoor Security Camera - USA', 'Nest Cam Outdoor Security Camera - USA'})"
0.24506828528072838,"frozenset({'Google 22 oz Water Bottle', 'Nest Cam Indoor Security Camera - USA', 'Nest Learning Thermostat 3rd Gen-USA - Stainless Steel'})"
0.16160849772382396,"frozenset({'Google 22 oz Water Bottle', 'Nest Learning Thermostat 3rd Gen-USA - White', 'Nest Cam Indoor Security Camera - USA'})"
0.17830045523520485,"frozenset({'Google 22 oz Water Bottle', 'Nest Protect Smoke + CO White Battery Alarm-USA', 'Nest Cam Indoor Security Camera - USA'})"
0.17905918057663125,"frozenset({'Google 22 oz Water Bottle', 'Nest Protect Smoke + CO White Wired Alarm-USA', 'Nest Cam Indoor Security Camera - USA'})"
0.1054628224582701,"frozenset({'Google 22 oz Water Bottle', 'Nest Thermostat E - USA', 'Nest Cam Indoor Security Camera - USA'})"
0.11608497723823975,"frozenset({'Google 22 oz Water Bottle', 'Sport Bag', 'Nest Cam Indoor Security Camera - USA'})"
0.10242792109256449,"frozenset({'Google 22 oz Water Bottle', 'Nest Cam Indoor Security Camera - USA', 'Windup Android'})"
0.11608497723823975,"frozenset({'Google 22 oz Water Bottle', 'Nest Cam Indoor Security Camera - USA', 'YouTube Custom Decals'})"
0.24203338391502277,"frozenset({'Google 22 oz Water Bottle', 'Nest Learning Thermostat 3rd Gen-USA - Stainless Steel', 'Nest Cam Outdoor Security Camera - USA'})"
0.15629742033383914,"frozenset({'Google 22 oz Water Bottle', 'Nest Learning Thermostat 3rd Gen-USA - White', 'Nest Cam Outdoor Security Camera - USA'})"
0.17678300455235205,"frozenset({'Google 22 oz Water Bottle', 'Nest Protect Smoke + CO White Battery Alarm-USA', 'Nest Cam Outdoor Security Camera - USA'})"
0.16919575113808802,"frozenset({'Google 22 oz Water Bottle', 'Nest Protect Smoke + CO White Wired Alarm-USA', 'Nest Cam Outdoor Security Camera - USA'})"
0.11532625189681335,"frozenset({'Google 22 oz Water Bottle', 'Sport Bag', 'Nest Cam Outdoor Security Camera - USA'})"
0.11456752655538695,"frozenset({'Google 22 oz Water Bottle', 'YouTube Custom Decals', 'Nest Cam Outdoor Security Camera - USA'})"
0.165402124430956,"frozenset({'Google 22 oz Water Bottle', 'Nest Learning Thermostat 3rd Gen-USA - White', 'Nest Learning Thermostat 3rd Gen-USA - Stainless Steel'})"
0.18816388467374812,"frozenset({'Google 22 oz Water Bottle', 'Nest Protect Smoke + CO White Battery Alarm-USA', 'Nest Learning Thermostat 3rd Gen-USA - Stainless Steel'})"
0.17905918057663125,"frozenset({'Google 22 oz Water Bottle', 'Nest Protect Smoke + CO White Wired Alarm-USA', 'Nest Learning Thermostat 3rd Gen-USA - Stainless Steel'})"
0.10925644916540213,"frozenset({'Google 22 oz Water Bottle', 'Nest Thermostat E - USA', 'Nest Learning Thermostat 3rd Gen-USA - Stainless Steel'})"
0.11911987860394538,"frozenset({'Google 22 oz Water Bottle', 'Sport Bag', 'Nest Learning Thermostat 3rd Gen-USA - Stainless Steel'})"
0.10698027314112292,"frozenset({'Google 22 oz Water Bottle', 'Nest Learning Thermostat 3rd Gen-USA - Stainless Steel', 'Windup Android'})"
0.11836115326251896,"frozenset({'Google 22 oz Water Bottle', 'YouTube Custom Decals', 'Nest Learning Thermostat 3rd Gen-USA - Stainless Steel'})"
0.13201820940819423,"frozenset({'Google 22 oz Water Bottle', 'Nest Learning Thermostat 3rd Gen-USA - White', 'Nest Protect Smoke + CO White Battery Alarm-USA'})"
0.12063732928679818,"frozenset({'Google 22 oz Water Bottle', 'Nest Learning Thermostat 3rd Gen-USA - White', 'Nest Protect Smoke + CO White Wired Alarm-USA'})"
0.13960546282245828,"frozenset({'Google 22 oz Water Bottle', 'Nest Protect Smoke + CO White Wired Alarm-USA', 'Nest Protect Smoke + CO White Battery Alarm-USA'})"
0.11001517450682853,"frozenset({'Google Blackout Cap', 'Nest Cam Indoor Security Camera - USA', 'Nest Cam Outdoor Security Camera - USA'})"
0.10773899848254932,"frozenset({'Google Blackout Cap', 'Nest Cam Indoor Security Camera - USA', 'Nest Learning Thermostat 3rd Gen-USA - Stainless Steel'})"
0.11077389984825493,"frozenset({'Nest Learning Thermostat 3rd Gen-USA - Stainless Steel', 'Google Blackout Cap', 'Nest Cam Outdoor Security Camera - USA'})"
0.1236722306525038,"frozenset({'Google Doodle Decal', 'Nest Cam Indoor Security Camera - USA', 'Google Laptop and Cell Phone Stickers'})"
0.12139605462822459,"frozenset({'Google Doodle Decal', 'Nest Cam Outdoor Security Camera - USA', 'Google Laptop and Cell Phone Stickers'})"
0.1236722306525038,"frozenset({'Google Doodle Decal', 'Nest Learning Thermostat 3rd Gen-USA - Stainless Steel', 'Google Laptop and Cell Phone Stickers'})"
0.10318664643399089,"frozenset({'Google Doodle Decal', 'Nest Cam Indoor Security Camera - USA', 'Google Sunglasses'})"
0.10242792109256449,"frozenset({'Google Doodle Decal', 'Google Sunglasses', 'Nest Cam Outdoor Security Camera - USA'})"
0.1054628224582701,"frozenset({'Google Doodle Decal', 'Google Sunglasses', 'Nest Learning Thermostat 3rd Gen-USA - Stainless Steel'})"
0.15326251896813353,"frozenset({'Google Doodle Decal', 'Nest Cam Indoor Security Camera - USA', 'Nest Cam Outdoor Security Camera - USA'})"
0.15250379362670713,"frozenset({'Google Doodle Decal', 'Nest Cam Indoor Security Camera - USA', 'Nest Learning Thermostat 3rd Gen-USA - Stainless Steel'})"
0.11456752655538695,"frozenset({'Google Doodle Decal', 'Nest Protect Smoke + CO White Battery Alarm-USA', 'Nest Cam Indoor Security Camera - USA'})"
0.11305007587253414,"frozenset({'Google Doodle Decal', 'Nest Protect Smoke + CO White Wired Alarm-USA', 'Nest Cam Indoor Security Camera - USA'})"
0.1479514415781487,"frozenset({'Google Doodle Decal', 'Nest Learning Thermostat 3rd Gen-USA - Stainless Steel', 'Nest Cam Outdoor Security Camera - USA'})"
0.11380880121396054,"frozenset({'Google Doodle Decal', 'Nest Protect Smoke + CO White Battery Alarm-USA', 'Nest Cam Outdoor Security Camera - USA'})"
0.11001517450682853,"frozenset({'Google Doodle Decal', 'Nest Protect Smoke + CO White Wired Alarm-USA', 'Nest Cam Outdoor Security Camera - USA'})"
0.11608497723823975,"frozenset({'Google Doodle Decal', 'Nest Protect Smoke + CO White Battery Alarm-USA', 'Nest Learning Thermostat 3rd Gen-USA - Stainless Steel'})"
0.11153262518968134,"frozenset({'Google Doodle Decal', 'Nest Protect Smoke + CO White Wired Alarm-USA', 'Nest Learning Thermostat 3rd Gen-USA - Stainless Steel'})"
0.1274658573596358,"frozenset({'Google Kick Ball', 'Nest Cam Indoor Security Camera - USA', 'Nest Cam Outdoor Security Camera - USA'})"
0.12063732928679818,"frozenset({'Google Kick Ball', 'Nest Cam Indoor Security Camera - USA', 'Nest Learning Thermostat 3rd Gen-USA - Stainless Steel'})"
0.11760242792109256,"frozenset({'Nest Learning Thermostat 3rd Gen-USA - Stainless Steel', 'Google Kick Ball', 'Nest Cam Outdoor Security Camera - USA'})"
0.10242792109256449,"frozenset({'Nest Cam Indoor Security Camera - USA', ""Google Men's  Zip Hoodie"", 'Google Laptop and Cell Phone Stickers'})"
0.1062215477996965,"frozenset({""Google Men's  Zip Hoodie"", 'Nest Cam Outdoor Security Camera - USA', 'Google Laptop and Cell Phone Stickers'})"
0.10242792109256449,"frozenset({'Nest Learning Thermostat 3rd Gen-USA - Stainless Steel', ""Google Men's  Zip Hoodie"", 'Google Laptop and Cell Phone Stickers'})"
0.13884673748103188,"frozenset({""Google Men's 100% Cotton Short Sleeve Hero Tee Black"", 'Nest Cam Indoor Security Camera - USA', 'Google Laptop and Cell Phone Stickers'})"
0.13581183611532624,"frozenset({""Google Men's 100% Cotton Short Sleeve Hero Tee Black"", 'Nest Cam Outdoor Security Camera - USA', 'Google Laptop and Cell Phone Stickers'})"
0.13125948406676782,"frozenset({""Google Men's 100% Cotton Short Sleeve Hero Tee Black"", 'Nest Learning Thermostat 3rd Gen-USA - Stainless Steel', 'Google Laptop and Cell Phone Stickers'})"
0.10925644916540213,"frozenset({""Google Men's 100% Cotton Short Sleeve Hero Tee Black"", 'Nest Protect Smoke + CO White Battery Alarm-USA', 'Google Laptop and Cell Phone Stickers'})"
0.10091047040971168,"frozenset({""Google Men's 100% Cotton Short Sleeve Hero Tee Black"", 'Nest Protect Smoke + CO White Wired Alarm-USA', 'Google Laptop and Cell Phone Stickers'})"
0.11532625189681335,"frozenset({'Nest Cam Indoor Security Camera - USA', ""Google Men's 100% Cotton Short Sleeve Hero Tee White"", 'Google Laptop and Cell Phone Stickers'})"
0.10925644916540213,"frozenset({""Google Men's 100% Cotton Short Sleeve Hero Tee White"", 'Nest Cam Outdoor Security Camera - USA', 'Google Laptop and Cell Phone Stickers'})"
0.11077389984825493,"frozenset({""Google Men's 100% Cotton Short Sleeve Hero Tee White"", 'Nest Learning Thermostat 3rd Gen-USA - Stainless Steel', 'Google Laptop and Cell Phone Stickers'})"
0.10925644916540213,"frozenset({'Nest Cam Indoor Security Camera - USA', ""Google Men's Bike Short Sleeve Tee Charcoal"", 'Google Laptop and Cell Phone Stickers'})"
0.10698027314112292,"frozenset({'Nest Cam Outdoor Security Camera - USA', ""Google Men's Bike Short Sleeve Tee Charcoal"", 'Google Laptop and Cell Phone Stickers'})"
0.1062215477996965,"frozenset({'Nest Learning Thermostat 3rd Gen-USA - Stainless Steel', ""Google Men's Bike Short Sleeve Tee Charcoal"", 'Google Laptop and Cell Phone Stickers'})"
0.10698027314112292,"frozenset({""Google Men's Vintage Badge Tee Black"", 'Nest Cam Indoor Security Camera - USA', 'Google Laptop and Cell Phone Stickers'})"
0.10091047040971168,"frozenset({""Google Men's Vintage Badge Tee Black"", 'Nest Cam Outdoor Security Camera - USA', 'Google Laptop and Cell Phone Stickers'})"
0.10773899848254932,"frozenset({""Google Men's Vintage Badge Tee Black"", 'Nest Learning Thermostat 3rd Gen-USA - Stainless Steel', 'Google Laptop and Cell Phone Stickers'})"
0.1062215477996965,"frozenset({'Google Metallic Notebook Set', 'Nest Cam Indoor Security Camera - USA', 'Google Laptop and Cell Phone Stickers'})"
0.10318664643399089,"frozenset({'Google Metallic Notebook Set', 'Nest Cam Outdoor Security Camera - USA', 'Google Laptop and Cell Phone Stickers'})"
0.10925644916540213,"frozenset({'Google Metallic Notebook Set', 'Nest Learning Thermostat 3rd Gen-USA - Stainless Steel', 'Google Laptop and Cell Phone Stickers'})"
0.18437025796661607,"frozenset({'Nest Cam Indoor Security Camera - USA', 'Google Sunglasses', 'Google Laptop and Cell Phone Stickers'})"
0.18133535660091046,"frozenset({'Google Sunglasses', 'Nest Cam Outdoor Security Camera - USA', 'Google Laptop and Cell Phone Stickers'})"
0.18816388467374812,"frozenset({'Google Sunglasses', 'Nest Learning Thermostat 3rd Gen-USA - Stainless Steel', 'Google Laptop and Cell Phone Stickers'})"
0.13277693474962063,"frozenset({'Nest Learning Thermostat 3rd Gen-USA - White', 'Google Sunglasses', 'Google Laptop and Cell Phone Stickers'})"
0.14946889226100152,"frozenset({'Nest Protect Smoke + CO White Battery Alarm-USA', 'Google Sunglasses', 'Google Laptop and Cell Phone Stickers'})"
0.13960546282245828,"frozenset({'Nest Protect Smoke + CO White Wired Alarm-USA', 'Google Sunglasses', 'Google Laptop and Cell Phone Stickers'})"
0.1039453717754173,"frozenset({'YouTube Custom Decals', 'Google Sunglasses', 'Google Laptop and Cell Phone Stickers'})"
0.13125948406676782,"frozenset({'Google Twill Cap', 'Nest Cam Indoor Security Camera - USA', 'Google Laptop and Cell Phone Stickers'})"
0.1274658573596358,"frozenset({'Google Twill Cap', 'Nest Cam Outdoor Security Camera - USA', 'Google Laptop and Cell Phone Stickers'})"
0.13125948406676782,"frozenset({'Google Twill Cap', 'Nest Learning Thermostat 3rd Gen-USA - Stainless Steel', 'Google Laptop and Cell Phone Stickers'})"
0.1062215477996965,"frozenset({'Google Twill Cap', 'Nest Protect Smoke + CO White Battery Alarm-USA', 'Google Laptop and Cell Phone Stickers'})"
0.11305007587253414,"frozenset({'Maze Pen', 'Nest Cam Indoor Security Camera - USA', 'Google Laptop and Cell Phone Stickers'})"
0.10849772382397573,"frozenset({'Maze Pen', 'Nest Cam Outdoor Security Camera - USA', 'Google Laptop and Cell Phone Stickers'})"
0.11001517450682853,"frozenset({'Maze Pen', 'Nest Learning Thermostat 3rd Gen-USA - Stainless Steel', 'Google Laptop and Cell Phone Stickers'})"
0.12215477996965099,"frozenset({'Nest Cam IQ - USA', 'Nest Cam Indoor Security Camera - USA', 'Google Laptop and Cell Phone Stickers'})"
0.11684370257966616,"frozenset({'Nest Cam IQ - USA', 'Nest Cam Outdoor Security Camera - USA', 'Google Laptop and Cell Phone Stickers'})"
0.12139605462822459,"frozenset({'Nest Cam IQ - USA', 'Nest Learning Thermostat 3rd Gen-USA - Stainless Steel', 'Google Laptop and Cell Phone Stickers'})"
0.10242792109256449,"frozenset({'Nest Learning Thermostat 3rd Gen-USA - White', 'Nest Cam IQ - USA', 'Google Laptop and Cell Phone Stickers'})"
0.10091047040971168,"frozenset({'Nest Cam IQ - USA', 'Nest Protect Smoke + CO White Battery Alarm-USA', 'Google Laptop and Cell Phone Stickers'})"
0.2830045523520486,"frozenset({'Nest Cam Indoor Security Camera - USA', 'Nest Cam Outdoor Security Camera - USA', 'Google Laptop and Cell Phone Stickers'})"
0.1047040971168437,"frozenset({'Nest Learning Thermostat 3rd Gen-USA - Copper', 'Nest Cam Indoor Security Camera - USA', 'Google Laptop and Cell Phone Stickers'})"
0.283763277693475,"frozenset({'Nest Cam Indoor Security Camera - USA', 'Nest Learning Thermostat 3rd Gen-USA - Stainless Steel', 'Google Laptop and Cell Phone Stickers'})"
0.18816388467374812,"frozenset({'Nest Learning Thermostat 3rd Gen-USA - White', 'Nest Cam Indoor Security Camera - USA', 'Google Laptop and Cell Phone Stickers'})"
0.21396054628224584,"frozenset({'Nest Protect Smoke + CO White Battery Alarm-USA', 'Nest Cam Indoor Security Camera - USA', 'Google Laptop and Cell Phone Stickers'})"
0.20409711684370258,"frozenset({'Nest Protect Smoke + CO White Wired Alarm-USA', 'Nest Cam Indoor Security Camera - USA', 'Google Laptop and Cell Phone Stickers'})"
0.11305007587253414,"frozenset({'Nest Thermostat E - USA', 'Nest Cam Indoor Security Camera - USA', 'Google Laptop and Cell Phone Stickers'})"
0.11684370257966616,"frozenset({'Sport Bag', 'Nest Cam Indoor Security Camera - USA', 'Google Laptop and Cell Phone Stickers'})"
0.11229135053110774,"frozenset({'Nest Cam Indoor Security Camera - USA', 'Windup Android', 'Google Laptop and Cell Phone Stickers'})"
0.1411229135053111,"frozenset({'Nest Cam Indoor Security Camera - USA', 'YouTube Custom Decals', 'Google Laptop and Cell Phone Stickers'})"
0.10091047040971168,"frozenset({'Nest Learning Thermostat 3rd Gen-USA - Copper', 'Nest Cam Outdoor Security Camera - USA', 'Google Laptop and Cell Phone Stickers'})"
0.27541729893778455,"frozenset({'Nest Learning Thermostat 3rd Gen-USA - Stainless Steel', 'Nest Cam Outdoor Security Camera - USA', 'Google Laptop and Cell Phone Stickers'})"
0.18133535660091046,"frozenset({'Nest Learning Thermostat 3rd Gen-USA - White', 'Nest Cam Outdoor Security Camera - USA', 'Google Laptop and Cell Phone Stickers'})"
0.21699544764795145,"frozenset({'Nest Protect Smoke + CO White Battery Alarm-USA', 'Nest Cam Outdoor Security Camera - USA', 'Google Laptop and Cell Phone Stickers'})"
0.19650986342943855,"frozenset({'Nest Protect Smoke + CO White Wired Alarm-USA', 'Nest Cam Outdoor Security Camera - USA', 'Google Laptop and Cell Phone Stickers'})"
0.1047040971168437,"frozenset({'Nest Thermostat E - USA', 'Nest Cam Outdoor Security Camera - USA', 'Google Laptop and Cell Phone Stickers'})"
0.11836115326251896,"frozenset({'Sport Bag', 'Nest Cam Outdoor Security Camera - USA', 'Google Laptop and Cell Phone Stickers'})"
0.10698027314112292,"frozenset({'Windup Android', 'Nest Cam Outdoor Security Camera - USA', 'Google Laptop and Cell Phone Stickers'})"
0.13960546282245828,"frozenset({'YouTube Custom Decals', 'Nest Cam Outdoor Security Camera - USA', 'Google Laptop and Cell Phone Stickers'})"
0.1039453717754173,"frozenset({'Nest Learning Thermostat 3rd Gen-USA - Copper', 'Nest Learning Thermostat 3rd Gen-USA - Stainless Steel', 'Google Laptop and Cell Phone Stickers'})"
0.18437025796661607,"frozenset({'Nest Learning Thermostat 3rd Gen-USA - White', 'Nest Learning Thermostat 3rd Gen-USA - Stainless Steel', 'Google Laptop and Cell Phone Stickers'})"
0.21699544764795145,"frozenset({'Nest Protect Smoke + CO White Battery Alarm-USA', 'Nest Learning Thermostat 3rd Gen-USA - Stainless Steel', 'Google Laptop and Cell Phone Stickers'})"
0.20030349013657056,"frozenset({'Nest Protect Smoke + CO White Wired Alarm-USA', 'Nest Learning Thermostat 3rd Gen-USA - Stainless Steel', 'Google Laptop and Cell Phone Stickers'})"
0.11077389984825493,"frozenset({'Nest Thermostat E - USA', 'Nest Learning Thermostat 3rd Gen-USA - Stainless Steel', 'Google Laptop and Cell Phone Stickers'})"
0.11911987860394538,"frozenset({'Sport Bag', 'Nest Learning Thermostat 3rd Gen-USA - Stainless Steel', 'Google Laptop and Cell Phone Stickers'})"
0.11380880121396054,"frozenset({'Windup Android', 'Nest Learning Thermostat 3rd Gen-USA - Stainless Steel', 'Google Laptop and Cell Phone Stickers'})"
0.13732928679817905,"frozenset({'YouTube Custom Decals', 'Nest Learning Thermostat 3rd Gen-USA - Stainless Steel', 'Google Laptop and Cell Phone Stickers'})"
0.1464339908952959,"frozenset({'Nest Learning Thermostat 3rd Gen-USA - White', 'Nest Protect Smoke + CO White Battery Alarm-USA', 'Google Laptop and Cell Phone Stickers'})"
0.12974203338391502,"frozenset({'Nest Learning Thermostat 3rd Gen-USA - White', 'Nest Protect Smoke + CO White Wired Alarm-USA', 'Google Laptop and Cell Phone Stickers'})"
0.16009104704097116,"frozenset({'Nest Protect Smoke + CO White Wired Alarm-USA', 'Nest Protect Smoke + CO White Battery Alarm-USA', 'Google Laptop and Cell Phone Stickers'})"
0.11608497723823975,"frozenset({'Nest Protect Smoke + CO White Battery Alarm-USA', 'YouTube Custom Decals', 'Google Laptop and Cell Phone Stickers'})"
0.1054628224582701,"frozenset({'Nest Protect Smoke + CO White Wired Alarm-USA', 'YouTube Custom Decals', 'Google Laptop and Cell Phone Stickers'})"
0.1426403641881639,"frozenset({""Google Men's  Zip Hoodie"", 'Nest Cam Indoor Security Camera - USA', 'Nest Cam Outdoor Security Camera - USA'})"
0.14036418816388468,"frozenset({'Nest Learning Thermostat 3rd Gen-USA - Stainless Steel', 'Nest Cam Indoor Security Camera - USA', ""Google Men's  Zip Hoodie""})"
0.11077389984825493,"frozenset({'Nest Protect Smoke + CO White Battery Alarm-USA', 'Nest Cam Indoor Security Camera - USA', ""Google Men's  Zip Hoodie""})"
0.10242792109256449,"frozenset({'Nest Protect Smoke + CO White Wired Alarm-USA', 'Nest Cam Indoor Security Camera - USA', ""Google Men's  Zip Hoodie""})"
0.1411229135053111,"frozenset({'Nest Learning Thermostat 3rd Gen-USA - Stainless Steel', ""Google Men's  Zip Hoodie"", 'Nest Cam Outdoor Security Camera - USA'})"
0.11380880121396054,"frozenset({""Google Men's  Zip Hoodie"", 'Nest Protect Smoke + CO White Battery Alarm-USA', 'Nest Cam Outdoor Security Camera - USA'})"
0.10242792109256449,"frozenset({'Nest Protect Smoke + CO White Wired Alarm-USA', ""Google Men's  Zip Hoodie"", 'Nest Cam Outdoor Security Camera - USA'})"
0.11684370257966616,"frozenset({'Nest Learning Thermostat 3rd Gen-USA - Stainless Steel', 'Nest Protect Smoke + CO White Battery Alarm-USA', ""Google Men's  Zip Hoodie""})"
0.10242792109256449,"frozenset({'Nest Learning Thermostat 3rd Gen-USA - Stainless Steel', 'Nest Protect Smoke + CO White Wired Alarm-USA', ""Google Men's  Zip Hoodie""})"
0.10773899848254932,"frozenset({""Google Men's 100% Cotton Short Sleeve Hero Tee Black"", 'Nest Cam Indoor Security Camera - USA', ""Google Men's 100% Cotton Short Sleeve Hero Tee White""})"
0.1047040971168437,"frozenset({""Google Men's 100% Cotton Short Sleeve Hero Tee Black"", ""Google Men's 100% Cotton Short Sleeve Hero Tee White"", 'Nest Cam Outdoor Security Camera - USA'})"
0.10242792109256449,"frozenset({""Google Men's 100% Cotton Short Sleeve Hero Tee Black"", ""Google Men's 100% Cotton Short Sleeve Hero Tee White"", 'Nest Learning Thermostat 3rd Gen-USA - Stainless Steel'})"
0.12898330804248861,"frozenset({""Google Men's 100% Cotton Short Sleeve Hero Tee Black"", 'Nest Cam Indoor Security Camera - USA', 'Google Sunglasses'})"
0.12898330804248861,"frozenset({""Google Men's 100% Cotton Short Sleeve Hero Tee Black"", 'Google Sunglasses', 'Nest Cam Outdoor Security Camera - USA'})"
0.12974203338391502,"frozenset({""Google Men's 100% Cotton Short Sleeve Hero Tee Black"", 'Google Sunglasses', 'Nest Learning Thermostat 3rd Gen-USA - Stainless Steel'})"
0.11456752655538695,"frozenset({""Google Men's 100% Cotton Short Sleeve Hero Tee Black"", 'Nest Protect Smoke + CO White Battery Alarm-USA', 'Google Sunglasses'})"
0.10242792109256449,"frozenset({""Google Men's 100% Cotton Short Sleeve Hero Tee Black"", 'Nest Cam Indoor Security Camera - USA', 'Google Twill Cap'})"
0.1047040971168437,"frozenset({""Google Men's 100% Cotton Short Sleeve Hero Tee Black"", 'Google Twill Cap', 'Nest Cam Outdoor Security Camera - USA'})"
0.10318664643399089,"frozenset({""Google Men's 100% Cotton Short Sleeve Hero Tee Black"", 'Google Twill Cap', 'Nest Learning Thermostat 3rd Gen-USA - Stainless Steel'})"
0.2109256449165402,"frozenset({""Google Men's 100% Cotton Short Sleeve Hero Tee Black"", 'Nest Cam Indoor Security Camera - USA', 'Nest Cam Outdoor Security Camera - USA'})"
0.19878603945371776,"frozenset({""Google Men's 100% Cotton Short Sleeve Hero Tee Black"", 'Nest Cam Indoor Security Camera - USA', 'Nest Learning Thermostat 3rd Gen-USA - Stainless Steel'})"
0.13429438543247343,"frozenset({'Nest Learning Thermostat 3rd Gen-USA - White', ""Google Men's 100% Cotton Short Sleeve Hero Tee Black"", 'Nest Cam Indoor Security Camera - USA'})"
0.1631259484066768,"frozenset({""Google Men's 100% Cotton Short Sleeve Hero Tee Black"", 'Nest Protect Smoke + CO White Battery Alarm-USA', 'Nest Cam Indoor Security Camera - USA'})"
0.14946889226100152,"frozenset({""Google Men's 100% Cotton Short Sleeve Hero Tee Black"", 'Nest Protect Smoke + CO White Wired Alarm-USA', 'Nest Cam Indoor Security Camera - USA'})"
0.19575113808801214,"frozenset({""Google Men's 100% Cotton Short Sleeve Hero Tee Black"", 'Nest Learning Thermostat 3rd Gen-USA - Stainless Steel', 'Nest Cam Outdoor Security Camera - USA'})"
0.13277693474962063,"frozenset({'Nest Learning Thermostat 3rd Gen-USA - White', ""Google Men's 100% Cotton Short Sleeve Hero Tee Black"", 'Nest Cam Outdoor Security Camera - USA'})"
0.16236722306525037,"frozenset({""Google Men's 100% Cotton Short Sleeve Hero Tee Black"", 'Nest Protect Smoke + CO White Battery Alarm-USA', 'Nest Cam Outdoor Security Camera - USA'})"
0.1464339908952959,"frozenset({""Google Men's 100% Cotton Short Sleeve Hero Tee Black"", 'Nest Protect Smoke + CO White Wired Alarm-USA', 'Nest Cam Outdoor Security Camera - USA'})"
0.13429438543247343,"frozenset({'Nest Learning Thermostat 3rd Gen-USA - White', ""Google Men's 100% Cotton Short Sleeve Hero Tee Black"", 'Nest Learning Thermostat 3rd Gen-USA - Stainless Steel'})"
0.16009104704097116,"frozenset({""Google Men's 100% Cotton Short Sleeve Hero Tee Black"", 'Nest Protect Smoke + CO White Battery Alarm-USA', 'Nest Learning Thermostat 3rd Gen-USA - Stainless Steel'})"
0.1433990895295903,"frozenset({""Google Men's 100% Cotton Short Sleeve Hero Tee Black"", 'Nest Protect Smoke + CO White Wired Alarm-USA', 'Nest Learning Thermostat 3rd Gen-USA - Stainless Steel'})"
0.11305007587253414,"frozenset({'Nest Learning Thermostat 3rd Gen-USA - White', ""Google Men's 100% Cotton Short Sleeve Hero Tee Black"", 'Nest Protect Smoke + CO White Battery Alarm-USA'})"
0.11987860394537178,"frozenset({""Google Men's 100% Cotton Short Sleeve Hero Tee Black"", 'Nest Protect Smoke + CO White Wired Alarm-USA', 'Nest Protect Smoke + CO White Battery Alarm-USA'})"
0.15174506828528073,"frozenset({'Nest Cam Indoor Security Camera - USA', ""Google Men's 100% Cotton Short Sleeve Hero Tee Navy"", 'Nest Cam Outdoor Security Camera - USA'})"
0.1464339908952959,"frozenset({'Nest Cam Indoor Security Camera - USA', ""Google Men's 100% Cotton Short Sleeve Hero Tee Navy"", 'Nest Learning Thermostat 3rd Gen-USA - Stainless Steel'})"
0.11229135053110774,"frozenset({'Nest Protect Smoke + CO White Battery Alarm-USA', 'Nest Cam Indoor Security Camera - USA', ""Google Men's 100% Cotton Short Sleeve Hero Tee Navy""})"
0.11684370257966616,"frozenset({'Nest Protect Smoke + CO White Wired Alarm-USA', 'Nest Cam Indoor Security Camera - USA', ""Google Men's 100% Cotton Short Sleeve Hero Tee Navy""})"
0.1449165402124431,"frozenset({""Google Men's 100% Cotton Short Sleeve Hero Tee Navy"", 'Nest Learning Thermostat 3rd Gen-USA - Stainless Steel', 'Nest Cam Outdoor Security Camera - USA'})"
0.11153262518968134,"frozenset({'Nest Protect Smoke + CO White Battery Alarm-USA', ""Google Men's 100% Cotton Short Sleeve Hero Tee Navy"", 'Nest Cam Outdoor Security Camera - USA'})"
0.11532625189681335,"frozenset({'Nest Protect Smoke + CO White Wired Alarm-USA', ""Google Men's 100% Cotton Short Sleeve Hero Tee Navy"", 'Nest Cam Outdoor Security Camera - USA'})"
0.11305007587253414,"frozenset({'Nest Protect Smoke + CO White Battery Alarm-USA', ""Google Men's 100% Cotton Short Sleeve Hero Tee Navy"", 'Nest Learning Thermostat 3rd Gen-USA - Stainless Steel'})"
0.11532625189681335,"frozenset({'Nest Protect Smoke + CO White Wired Alarm-USA', ""Google Men's 100% Cotton Short Sleeve Hero Tee Navy"", 'Nest Learning Thermostat 3rd Gen-USA - Stainless Steel'})"
0.11760242792109256,"frozenset({""Google Men's 100% Cotton Short Sleeve Hero Tee Red"", 'Nest Cam Indoor Security Camera - USA', 'Nest Cam Outdoor Security Camera - USA'})"
0.11153262518968134,"frozenset({""Google Men's 100% Cotton Short Sleeve Hero Tee Red"", 'Nest Cam Indoor Security Camera - USA', 'Nest Learning Thermostat 3rd Gen-USA - Stainless Steel'})"
0.11911987860394538,"frozenset({'Nest Learning Thermostat 3rd Gen-USA - Stainless Steel', 'Nest Cam Outdoor Security Camera - USA', ""Google Men's 100% Cotton Short Sleeve Hero Tee Red""})"
0.11229135053110774,"frozenset({'Nest Cam Indoor Security Camera - USA', 'Google Sunglasses', ""Google Men's 100% Cotton Short Sleeve Hero Tee White""})"
0.11305007587253414,"frozenset({""Google Men's 100% Cotton Short Sleeve Hero Tee White"", 'Google Sunglasses', 'Nest Cam Outdoor Security Camera - USA'})"
0.11229135053110774,"frozenset({""Google Men's 100% Cotton Short Sleeve Hero Tee White"", 'Google Sunglasses', 'Nest Learning Thermostat 3rd Gen-USA - Stainless Steel'})"
0.18285280728376327,"frozenset({""Google Men's 100% Cotton Short Sleeve Hero Tee White"", 'Nest Cam Indoor Security Camera - USA', 'Nest Cam Outdoor Security Camera - USA'})"
0.17754172989377845,"frozenset({""Google Men's 100% Cotton Short Sleeve Hero Tee White"", 'Nest Cam Indoor Security Camera - USA', 'Nest Learning Thermostat 3rd Gen-USA - Stainless Steel'})"
0.10925644916540213,"frozenset({'Nest Learning Thermostat 3rd Gen-USA - White', 'Nest Cam Indoor Security Camera - USA', ""Google Men's 100% Cotton Short Sleeve Hero Tee White""})"
0.13505311077389984,"frozenset({'Nest Protect Smoke + CO White Battery Alarm-USA', 'Nest Cam Indoor Security Camera - USA', ""Google Men's 100% Cotton Short Sleeve Hero Tee White""})"
0.1251896813353566,"frozenset({'Nest Protect Smoke + CO White Wired Alarm-USA', 'Nest Cam Indoor Security Camera - USA', ""Google Men's 100% Cotton Short Sleeve Hero Tee White""})"
0.17602427921092564,"frozenset({'Nest Learning Thermostat 3rd Gen-USA - Stainless Steel', ""Google Men's 100% Cotton Short Sleeve Hero Tee White"", 'Nest Cam Outdoor Security Camera - USA'})"
0.10849772382397573,"frozenset({'Nest Learning Thermostat 3rd Gen-USA - White', ""Google Men's 100% Cotton Short Sleeve Hero Tee White"", 'Nest Cam Outdoor Security Camera - USA'})"
0.13505311077389984,"frozenset({'Nest Protect Smoke + CO White Battery Alarm-USA', ""Google Men's 100% Cotton Short Sleeve Hero Tee White"", 'Nest Cam Outdoor Security Camera - USA'})"
0.12291350531107739,"frozenset({'Nest Protect Smoke + CO White Wired Alarm-USA', ""Google Men's 100% Cotton Short Sleeve Hero Tee White"", 'Nest Cam Outdoor Security Camera - USA'})"
0.11001517450682853,"frozenset({'Nest Learning Thermostat 3rd Gen-USA - White', ""Google Men's 100% Cotton Short Sleeve Hero Tee White"", 'Nest Learning Thermostat 3rd Gen-USA - Stainless Steel'})"
0.13277693474962063,"frozenset({'Nest Protect Smoke + CO White Battery Alarm-USA', ""Google Men's 100% Cotton Short Sleeve Hero Tee White"", 'Nest Learning Thermostat 3rd Gen-USA - Stainless Steel'})"
0.12291350531107739,"frozenset({'Nest Protect Smoke + CO White Wired Alarm-USA', ""Google Men's 100% Cotton Short Sleeve Hero Tee White"", 'Nest Learning Thermostat 3rd Gen-USA - Stainless Steel'})"
0.10849772382397573,"frozenset({'Nest Cam Indoor Security Camera - USA', 'Google Sunglasses', ""Google Men's Bike Short Sleeve Tee Charcoal""})"
0.10773899848254932,"frozenset({'Google Sunglasses', ""Google Men's Bike Short Sleeve Tee Charcoal"", 'Nest Cam Outdoor Security Camera - USA'})"
0.10849772382397573,"frozenset({'Nest Learning Thermostat 3rd Gen-USA - Stainless Steel', 'Google Sunglasses', ""Google Men's Bike Short Sleeve Tee Charcoal""})"
0.165402124430956,"frozenset({'Nest Cam Indoor Security Camera - USA', ""Google Men's Bike Short Sleeve Tee Charcoal"", 'Nest Cam Outdoor Security Camera - USA'})"
0.16236722306525037,"frozenset({'Nest Learning Thermostat 3rd Gen-USA - Stainless Steel', 'Nest Cam Indoor Security Camera - USA', ""Google Men's Bike Short Sleeve Tee Charcoal""})"
0.10091047040971168,"frozenset({'Nest Learning Thermostat 3rd Gen-USA - White', 'Nest Cam Indoor Security Camera - USA', ""Google Men's Bike Short Sleeve Tee Charcoal""})"
0.125948406676783,"frozenset({'Nest Protect Smoke + CO White Battery Alarm-USA', 'Nest Cam Indoor Security Camera - USA', ""Google Men's Bike Short Sleeve Tee Charcoal""})"
0.11911987860394538,"frozenset({'Nest Protect Smoke + CO White Wired Alarm-USA', 'Nest Cam Indoor Security Camera - USA', ""Google Men's Bike Short Sleeve Tee Charcoal""})"
0.1646433990895296,"frozenset({'Nest Learning Thermostat 3rd Gen-USA - Stainless Steel', ""Google Men's Bike Short Sleeve Tee Charcoal"", 'Nest Cam Outdoor Security Camera - USA'})"
0.10091047040971168,"frozenset({'Nest Learning Thermostat 3rd Gen-USA - White', ""Google Men's Bike Short Sleeve Tee Charcoal"", 'Nest Cam Outdoor Security Camera - USA'})"
0.12898330804248861,"frozenset({'Nest Protect Smoke + CO White Battery Alarm-USA', ""Google Men's Bike Short Sleeve Tee Charcoal"", 'Nest Cam Outdoor Security Camera - USA'})"
0.11760242792109256,"frozenset({'Nest Protect Smoke + CO White Wired Alarm-USA', ""Google Men's Bike Short Sleeve Tee Charcoal"", 'Nest Cam Outdoor Security Camera - USA'})"
0.10242792109256449,"frozenset({'Nest Learning Thermostat 3rd Gen-USA - White', 'Nest Learning Thermostat 3rd Gen-USA - Stainless Steel', ""Google Men's Bike Short Sleeve Tee Charcoal""})"
0.13050075872534142,"frozenset({'Nest Learning Thermostat 3rd Gen-USA - Stainless Steel', 'Nest Protect Smoke + CO White Battery Alarm-USA', ""Google Men's Bike Short Sleeve Tee Charcoal""})"
0.11987860394537178,"frozenset({'Nest Learning Thermostat 3rd Gen-USA - Stainless Steel', 'Nest Protect Smoke + CO White Wired Alarm-USA', ""Google Men's Bike Short Sleeve Tee Charcoal""})"
0.10698027314112292,"frozenset({""Google Men's Vintage Badge Tee Black"", 'Nest Cam Indoor Security Camera - USA', 'Google Sunglasses'})"
0.1047040971168437,"frozenset({""Google Men's Vintage Badge Tee Black"", 'Google Sunglasses', 'Nest Cam Outdoor Security Camera - USA'})"
0.10849772382397573,"frozenset({""Google Men's Vintage Badge Tee Black"", 'Google Sunglasses', 'Nest Learning Thermostat 3rd Gen-USA - Stainless Steel'})"
0.17374810318664644,"frozenset({""Google Men's Vintage Badge Tee Black"", 'Nest Cam Indoor Security Camera - USA', 'Nest Cam Outdoor Security Camera - USA'})"
0.17298937784522003,"frozenset({""Google Men's Vintage Badge Tee Black"", 'Nest Cam Indoor Security Camera - USA', 'Nest Learning Thermostat 3rd Gen-USA - Stainless Steel'})"
0.1267071320182094,"frozenset({'Nest Learning Thermostat 3rd Gen-USA - White', ""Google Men's Vintage Badge Tee Black"", 'Nest Cam Indoor Security Camera - USA'})"
0.13050075872534142,"frozenset({""Google Men's Vintage Badge Tee Black"", 'Nest Protect Smoke + CO White Battery Alarm-USA', 'Nest Cam Indoor Security Camera - USA'})"
0.1244309559939302,"frozenset({""Google Men's Vintage Badge Tee Black"", 'Nest Protect Smoke + CO White Wired Alarm-USA', 'Nest Cam Indoor Security Camera - USA'})"
0.1676783004552352,"frozenset({""Google Men's Vintage Badge Tee Black"", 'Nest Learning Thermostat 3rd Gen-USA - Stainless Steel', 'Nest Cam Outdoor Security Camera - USA'})"
0.12291350531107739,"frozenset({'Nest Learning Thermostat 3rd Gen-USA - White', ""Google Men's Vintage Badge Tee Black"", 'Nest Cam Outdoor Security Camera - USA'})"
0.125948406676783,"frozenset({""Google Men's Vintage Badge Tee Black"", 'Nest Protect Smoke + CO White Battery Alarm-USA', 'Nest Cam Outdoor Security Camera - USA'})"
0.11987860394537178,"frozenset({""Google Men's Vintage Badge Tee Black"", 'Nest Protect Smoke + CO White Wired Alarm-USA', 'Nest Cam Outdoor Security Camera - USA'})"
0.1267071320182094,"frozenset({'Nest Learning Thermostat 3rd Gen-USA - White', ""Google Men's Vintage Badge Tee Black"", 'Nest Learning Thermostat 3rd Gen-USA - Stainless Steel'})"
0.12898330804248861,"frozenset({""Google Men's Vintage Badge Tee Black"", 'Nest Protect Smoke + CO White Battery Alarm-USA', 'Nest Learning Thermostat 3rd Gen-USA - Stainless Steel'})"
0.1236722306525038,"frozenset({""Google Men's Vintage Badge Tee Black"", 'Nest Protect Smoke + CO White Wired Alarm-USA', 'Nest Learning Thermostat 3rd Gen-USA - Stainless Steel'})"
0.10318664643399089,"frozenset({'Nest Learning Thermostat 3rd Gen-USA - White', ""Google Men's Vintage Badge Tee Black"", 'Nest Protect Smoke + CO White Battery Alarm-USA'})"
0.1282245827010622,"frozenset({'Nest Cam Indoor Security Camera - USA', 'Nest Cam Outdoor Security Camera - USA', ""Google Men's Vintage Badge Tee Sage""})"
0.1244309559939302,"frozenset({'Nest Cam Indoor Security Camera - USA', 'Nest Learning Thermostat 3rd Gen-USA - Stainless Steel', ""Google Men's Vintage Badge Tee Sage""})"
0.12139605462822459,"frozenset({'Nest Learning Thermostat 3rd Gen-USA - Stainless Steel', 'Nest Cam Outdoor Security Camera - USA', ""Google Men's Vintage Badge Tee Sage""})"
0.11001517450682853,"frozenset({""Google Men's Vintage Badge Tee White"", 'Nest Cam Indoor Security Camera - USA', 'Nest Cam Outdoor Security Camera - USA'})"
0.10849772382397573,"frozenset({""Google Men's Vintage Badge Tee White"", 'Nest Cam Indoor Security Camera - USA', 'Nest Learning Thermostat 3rd Gen-USA - Stainless Steel'})"
0.10773899848254932,"frozenset({""Google Men's Vintage Badge Tee White"", 'Nest Learning Thermostat 3rd Gen-USA - Stainless Steel', 'Nest Cam Outdoor Security Camera - USA'})"
0.10318664643399089,"frozenset({'Google Metallic Notebook Set', 'Nest Cam Indoor Security Camera - USA', 'Google Sunglasses'})"
0.10242792109256449,"frozenset({'Google Metallic Notebook Set', 'Google Sunglasses', 'Nest Cam Outdoor Security Camera - USA'})"
0.10242792109256449,"frozenset({'Google Metallic Notebook Set', 'Google Sunglasses', 'Nest Learning Thermostat 3rd Gen-USA - Stainless Steel'})"
0.15553869499241274,"frozenset({'Google Metallic Notebook Set', 'Nest Cam Indoor Security Camera - USA', 'Nest Cam Outdoor Security Camera - USA'})"
0.15857359635811835,"frozenset({'Google Metallic Notebook Set', 'Nest Cam Indoor Security Camera - USA', 'Nest Learning Thermostat 3rd Gen-USA - Stainless Steel'})"
0.10318664643399089,"frozenset({'Nest Learning Thermostat 3rd Gen-USA - White', 'Google Metallic Notebook Set', 'Nest Cam Indoor Security Camera - USA'})"
0.1267071320182094,"frozenset({'Google Metallic Notebook Set', 'Nest Protect Smoke + CO White Battery Alarm-USA', 'Nest Cam Indoor Security Camera - USA'})"
0.11456752655538695,"frozenset({'Nest Protect Smoke + CO White Wired Alarm-USA', 'Nest Cam Indoor Security Camera - USA', 'Google Metallic Notebook Set'})"
0.15857359635811835,"frozenset({'Nest Learning Thermostat 3rd Gen-USA - Stainless Steel', 'Google Metallic Notebook Set', 'Nest Cam Outdoor Security Camera - USA'})"
0.10242792109256449,"frozenset({'Nest Learning Thermostat 3rd Gen-USA - White', 'Google Metallic Notebook Set', 'Nest Cam Outdoor Security Camera - USA'})"
0.125948406676783,"frozenset({'Google Metallic Notebook Set', 'Nest Protect Smoke + CO White Battery Alarm-USA', 'Nest Cam Outdoor Security Camera - USA'})"
0.11001517450682853,"frozenset({'Nest Protect Smoke + CO White Wired Alarm-USA', 'Google Metallic Notebook Set', 'Nest Cam Outdoor Security Camera - USA'})"
0.1062215477996965,"frozenset({'Nest Learning Thermostat 3rd Gen-USA - White', 'Google Metallic Notebook Set', 'Nest Learning Thermostat 3rd Gen-USA - Stainless Steel'})"
0.1244309559939302,"frozenset({'Google Metallic Notebook Set', 'Nest Protect Smoke + CO White Battery Alarm-USA', 'Nest Learning Thermostat 3rd Gen-USA - Stainless Steel'})"
0.11229135053110774,"frozenset({'Nest Protect Smoke + CO White Wired Alarm-USA', 'Google Metallic Notebook Set', 'Nest Learning Thermostat 3rd Gen-USA - Stainless Steel'})"
0.13125948406676782,"frozenset({'Google Twill Cap', 'Nest Cam Indoor Security Camera - USA', 'Google Sunglasses'})"
0.12974203338391502,"frozenset({'Google Twill Cap', 'Google Sunglasses', 'Nest Cam Outdoor Security Camera - USA'})"
0.13353566009104703,"frozenset({'Google Twill Cap', 'Google Sunglasses', 'Nest Learning Thermostat 3rd Gen-USA - Stainless Steel'})"
0.10773899848254932,"frozenset({'Google Twill Cap', 'Nest Protect Smoke + CO White Battery Alarm-USA', 'Google Sunglasses'})"
0.10166919575113809,"frozenset({'Google Twill Cap', 'Nest Protect Smoke + CO White Wired Alarm-USA', 'Google Sunglasses'})"
0.1039453717754173,"frozenset({'Maze Pen', 'Nest Cam Indoor Security Camera - USA', 'Google Sunglasses'})"
0.10166919575113809,"frozenset({'Maze Pen', 'Google Sunglasses', 'Nest Cam Outdoor Security Camera - USA'})"
0.1039453717754173,"frozenset({'Maze Pen', 'Google Sunglasses', 'Nest Learning Thermostat 3rd Gen-USA - Stainless Steel'})"
0.11760242792109256,"frozenset({'Nest Cam IQ - USA', 'Nest Cam Indoor Security Camera - USA', 'Google Sunglasses'})"
0.11532625189681335,"frozenset({'Nest Cam IQ - USA', 'Google Sunglasses', 'Nest Cam Outdoor Security Camera - USA'})"
0.11760242792109256,"frozenset({'Nest Cam IQ - USA', 'Google Sunglasses', 'Nest Learning Thermostat 3rd Gen-USA - Stainless Steel'})"
0.10166919575113809,"frozenset({'Nest Cam IQ - USA', 'Nest Protect Smoke + CO White Battery Alarm-USA', 'Google Sunglasses'})"
0.27617602427921095,"frozenset({'Nest Cam Indoor Security Camera - USA', 'Google Sunglasses', 'Nest Cam Outdoor Security Camera - USA'})"
0.1054628224582701,"frozenset({'Nest Learning Thermostat 3rd Gen-USA - Copper', 'Nest Cam Indoor Security Camera - USA', 'Google Sunglasses'})"
0.2738998482549317,"frozenset({'Nest Cam Indoor Security Camera - USA', 'Google Sunglasses', 'Nest Learning Thermostat 3rd Gen-USA - Stainless Steel'})"
0.18892261001517452,"frozenset({'Nest Learning Thermostat 3rd Gen-USA - White', 'Nest Cam Indoor Security Camera - USA', 'Google Sunglasses'})"
0.21396054628224584,"frozenset({'Nest Protect Smoke + CO White Battery Alarm-USA', 'Nest Cam Indoor Security Camera - USA', 'Google Sunglasses'})"
0.20409711684370258,"frozenset({'Nest Protect Smoke + CO White Wired Alarm-USA', 'Nest Cam Indoor Security Camera - USA', 'Google Sunglasses'})"
0.10849772382397573,"frozenset({'Nest Thermostat E - USA', 'Nest Cam Indoor Security Camera - USA', 'Google Sunglasses'})"
0.11608497723823975,"frozenset({'Sport Bag', 'Nest Cam Indoor Security Camera - USA', 'Google Sunglasses'})"
0.11532625189681335,"frozenset({'Nest Cam Indoor Security Camera - USA', 'Google Sunglasses', 'Windup Android'})"
0.1274658573596358,"frozenset({'YouTube Custom Decals', 'Nest Cam Indoor Security Camera - USA', 'Google Sunglasses'})"
0.10166919575113809,"frozenset({'Nest Learning Thermostat 3rd Gen-USA - Copper', 'Google Sunglasses', 'Nest Cam Outdoor Security Camera - USA'})"
0.27541729893778455,"frozenset({'Google Sunglasses', 'Nest Learning Thermostat 3rd Gen-USA - Stainless Steel', 'Nest Cam Outdoor Security Camera - USA'})"
0.18512898330804248,"frozenset({'Nest Learning Thermostat 3rd Gen-USA - White', 'Google Sunglasses', 'Nest Cam Outdoor Security Camera - USA'})"
0.2116843702579666,"frozenset({'Nest Protect Smoke + CO White Battery Alarm-USA', 'Google Sunglasses', 'Nest Cam Outdoor Security Camera - USA'})"
0.19650986342943855,"frozenset({'Nest Protect Smoke + CO White Wired Alarm-USA', 'Google Sunglasses', 'Nest Cam Outdoor Security Camera - USA'})"
0.1062215477996965,"frozenset({'Nest Thermostat E - USA', 'Google Sunglasses', 'Nest Cam Outdoor Security Camera - USA'})"
0.11760242792109256,"frozenset({'Sport Bag', 'Google Sunglasses', 'Nest Cam Outdoor Security Camera - USA'})"
0.11305007587253414,"frozenset({'Windup Android', 'Google Sunglasses', 'Nest Cam Outdoor Security Camera - USA'})"
0.1267071320182094,"frozenset({'YouTube Custom Decals', 'Google Sunglasses', 'Nest Cam Outdoor Security Camera - USA'})"
0.10698027314112292,"frozenset({'Nest Learning Thermostat 3rd Gen-USA - Copper', 'Google Sunglasses', 'Nest Learning Thermostat 3rd Gen-USA - Stainless Steel'})"
0.19044006069802732,"frozenset({'Nest Learning Thermostat 3rd Gen-USA - White', 'Google Sunglasses', 'Nest Learning Thermostat 3rd Gen-USA - Stainless Steel'})"
0.22078907435508346,"frozenset({'Nest Protect Smoke + CO White Battery Alarm-USA', 'Google Sunglasses', 'Nest Learning Thermostat 3rd Gen-USA - Stainless Steel'})"
0.20257966616084977,"frozenset({'Nest Protect Smoke + CO White Wired Alarm-USA', 'Google Sunglasses', 'Nest Learning Thermostat 3rd Gen-USA - Stainless Steel'})"
0.11077389984825493,"frozenset({'Nest Thermostat E - USA', 'Google Sunglasses', 'Nest Learning Thermostat 3rd Gen-USA - Stainless Steel'})"
0.11911987860394538,"frozenset({'Sport Bag', 'Google Sunglasses', 'Nest Learning Thermostat 3rd Gen-USA - Stainless Steel'})"
0.11911987860394538,"frozenset({'Windup Android', 'Google Sunglasses', 'Nest Learning Thermostat 3rd Gen-USA - Stainless Steel'})"
0.1282245827010622,"frozenset({'YouTube Custom Decals', 'Google Sunglasses', 'Nest Learning Thermostat 3rd Gen-USA - Stainless Steel'})"
0.15477996965098634,"frozenset({'Nest Learning Thermostat 3rd Gen-USA - White', 'Nest Protect Smoke + CO White Battery Alarm-USA', 'Google Sunglasses'})"
0.1418816388467375,"frozenset({'Nest Learning Thermostat 3rd Gen-USA - White', 'Nest Protect Smoke + CO White Wired Alarm-USA', 'Google Sunglasses'})"
0.16160849772382396,"frozenset({'Nest Protect Smoke + CO White Wired Alarm-USA', 'Nest Protect Smoke + CO White Battery Alarm-USA', 'Google Sunglasses'})"
0.10166919575113809,"frozenset({'Sport Bag', 'Nest Protect Smoke + CO White Battery Alarm-USA', 'Google Sunglasses'})"
0.10242792109256449,"frozenset({'Nest Protect Smoke + CO White Battery Alarm-USA', 'Google Sunglasses', 'Windup Android'})"
0.11153262518968134,"frozenset({'Google Sunglasses', 'Nest Protect Smoke + CO White Battery Alarm-USA', 'YouTube Custom Decals'})"
0.1047040971168437,"frozenset({'Google Twill Cap', 'Nest Cam IQ - USA', 'Nest Cam Indoor Security Camera - USA'})"
0.1039453717754173,"frozenset({'Google Twill Cap', 'Nest Cam IQ - USA', 'Nest Cam Outdoor Security Camera - USA'})"
0.1054628224582701,"frozenset({'Google Twill Cap', 'Nest Cam IQ - USA', 'Nest Learning Thermostat 3rd Gen-USA - Stainless Steel'})"
0.20333839150227617,"frozenset({'Google Twill Cap', 'Nest Cam Indoor Security Camera - USA', 'Nest Cam Outdoor Security Camera - USA'})"
0.2078907435508346,"frozenset({'Google Twill Cap', 'Nest Cam Indoor Security Camera - USA', 'Nest Learning Thermostat 3rd Gen-USA - Stainless Steel'})"
0.13960546282245828,"frozenset({'Nest Learning Thermostat 3rd Gen-USA - White', 'Google Twill Cap', 'Nest Cam Indoor Security Camera - USA'})"
0.15705614567526555,"frozenset({'Google Twill Cap', 'Nest Protect Smoke + CO White Battery Alarm-USA', 'Nest Cam Indoor Security Camera - USA'})"
0.1479514415781487,"frozenset({'Google Twill Cap', 'Nest Protect Smoke + CO White Wired Alarm-USA', 'Nest Cam Indoor Security Camera - USA'})"
0.10318664643399089,"frozenset({'Google Twill Cap', 'Nest Thermostat E - USA', 'Nest Cam Indoor Security Camera - USA'})"
0.20409711684370258,"frozenset({'Nest Learning Thermostat 3rd Gen-USA - Stainless Steel', 'Google Twill Cap', 'Nest Cam Outdoor Security Camera - USA'})"
0.13960546282245828,"frozenset({'Nest Learning Thermostat 3rd Gen-USA - White', 'Google Twill Cap', 'Nest Cam Outdoor Security Camera - USA'})"
0.15705614567526555,"frozenset({'Google Twill Cap', 'Nest Protect Smoke + CO White Battery Alarm-USA', 'Nest Cam Outdoor Security Camera - USA'})"
0.1456752655538695,"frozenset({'Google Twill Cap', 'Nest Protect Smoke + CO White Wired Alarm-USA', 'Nest Cam Outdoor Security Camera - USA'})"
0.10318664643399089,"frozenset({'Google Twill Cap', 'Nest Thermostat E - USA', 'Nest Cam Outdoor Security Camera - USA'})"
0.1426403641881639,"frozenset({'Nest Learning Thermostat 3rd Gen-USA - White', 'Google Twill Cap', 'Nest Learning Thermostat 3rd Gen-USA - Stainless Steel'})"
0.16084977238239756,"frozenset({'Google Twill Cap', 'Nest Protect Smoke + CO White Battery Alarm-USA', 'Nest Learning Thermostat 3rd Gen-USA - Stainless Steel'})"
0.14871016691957512,"frozenset({'Google Twill Cap', 'Nest Protect Smoke + CO White Wired Alarm-USA', 'Nest Learning Thermostat 3rd Gen-USA - Stainless Steel'})"
0.10773899848254932,"frozenset({'Google Twill Cap', 'Nest Thermostat E - USA', 'Nest Learning Thermostat 3rd Gen-USA - Stainless Steel'})"
0.11380880121396054,"frozenset({'Nest Learning Thermostat 3rd Gen-USA - White', 'Google Twill Cap', 'Nest Protect Smoke + CO White Battery Alarm-USA'})"
0.10242792109256449,"frozenset({'Nest Learning Thermostat 3rd Gen-USA - White', 'Google Twill Cap', 'Nest Protect Smoke + CO White Wired Alarm-USA'})"
0.11987860394537178,"frozenset({'Google Twill Cap', 'Nest Protect Smoke + CO White Wired Alarm-USA', 'Nest Protect Smoke + CO White Battery Alarm-USA'})"
0.10698027314112292,"frozenset({'Nest Cam Indoor Security Camera - USA', 'Nest Cam Outdoor Security Camera - USA', ""Google Women's Vintage Hero Tee Black""})"
0.1062215477996965,"frozenset({'Nest Cam Indoor Security Camera - USA', 'Nest Learning Thermostat 3rd Gen-USA - Stainless Steel', ""Google Women's Vintage Hero Tee Black""})"
0.10318664643399089,"frozenset({'Nest Learning Thermostat 3rd Gen-USA - Stainless Steel', 'Nest Cam Outdoor Security Camera - USA', ""Google Women's Vintage Hero Tee Black""})"
0.16236722306525037,"frozenset({'Maze Pen', 'Nest Cam Indoor Security Camera - USA', 'Nest Cam Outdoor Security Camera - USA'})"
0.15857359635811835,"frozenset({'Maze Pen', 'Nest Cam Indoor Security Camera - USA', 'Nest Learning Thermostat 3rd Gen-USA - Stainless Steel'})"
0.10242792109256449,"frozenset({'Nest Learning Thermostat 3rd Gen-USA - White', 'Maze Pen', 'Nest Cam Indoor Security Camera - USA'})"
0.1236722306525038,"frozenset({'Maze Pen', 'Nest Cam Indoor Security Camera - USA', 'Nest Protect Smoke + CO White Battery Alarm-USA'})"
0.11760242792109256,"frozenset({'Nest Protect Smoke + CO White Wired Alarm-USA', 'Maze Pen', 'Nest Cam Indoor Security Camera - USA'})"
0.15553869499241274,"frozenset({'Nest Learning Thermostat 3rd Gen-USA - Stainless Steel', 'Maze Pen', 'Nest Cam Outdoor Security Camera - USA'})"
0.10166919575113809,"frozenset({'Nest Learning Thermostat 3rd Gen-USA - White', 'Maze Pen', 'Nest Cam Outdoor Security Camera - USA'})"
0.12291350531107739,"frozenset({'Maze Pen', 'Nest Protect Smoke + CO White Battery Alarm-USA', 'Nest Cam Outdoor Security Camera - USA'})"
0.11380880121396054,"frozenset({'Nest Protect Smoke + CO White Wired Alarm-USA', 'Maze Pen', 'Nest Cam Outdoor Security Camera - USA'})"
0.10318664643399089,"frozenset({'Nest Learning Thermostat 3rd Gen-USA - White', 'Maze Pen', 'Nest Learning Thermostat 3rd Gen-USA - Stainless Steel'})"
0.12291350531107739,"frozenset({'Maze Pen', 'Nest Protect Smoke + CO White Battery Alarm-USA', 'Nest Learning Thermostat 3rd Gen-USA - Stainless Steel'})"
0.11456752655538695,"frozenset({'Nest Protect Smoke + CO White Wired Alarm-USA', 'Maze Pen', 'Nest Learning Thermostat 3rd Gen-USA - Stainless Steel'})"
0.19499241274658574,"frozenset({'Nest Cam IQ - USA', 'Nest Cam Indoor Security Camera - USA', 'Nest Cam Outdoor Security Camera - USA'})"
0.19347496206373294,"frozenset({'Nest Cam IQ - USA', 'Nest Cam Indoor Security Camera - USA', 'Nest Learning Thermostat 3rd Gen-USA - Stainless Steel'})"
0.15933232169954475,"frozenset({'Nest Learning Thermostat 3rd Gen-USA - White', 'Nest Cam IQ - USA', 'Nest Cam Indoor Security Camera - USA'})"
0.15326251896813353,"frozenset({'Nest Cam IQ - USA', 'Nest Cam Indoor Security Camera - USA', 'Nest Protect Smoke + CO White Battery Alarm-USA'})"
0.1418816388467375,"frozenset({'Nest Protect Smoke + CO White Wired Alarm-USA', 'Nest Cam IQ - USA', 'Nest Cam Indoor Security Camera - USA'})"
0.11153262518968134,"frozenset({'Nest Secure Alarm System Starter Pack - USA', 'Nest Cam IQ - USA', 'Nest Cam Indoor Security Camera - USA'})"
0.13808801213960548,"frozenset({'Nest Thermostat E - USA', 'Nest Cam IQ - USA', 'Nest Cam Indoor Security Camera - USA'})"
0.19195751138088013,"frozenset({'Nest Learning Thermostat 3rd Gen-USA - Stainless Steel', 'Nest Cam IQ - USA', 'Nest Cam Outdoor Security Camera - USA'})"
0.15629742033383914,"frozenset({'Nest Learning Thermostat 3rd Gen-USA - White', 'Nest Cam IQ - USA', 'Nest Cam Outdoor Security Camera - USA'})"
0.15326251896813353,"frozenset({'Nest Cam IQ - USA', 'Nest Protect Smoke + CO White Battery Alarm-USA', 'Nest Cam Outdoor Security Camera - USA'})"
0.13808801213960548,"frozenset({'Nest Protect Smoke + CO White Wired Alarm-USA', 'Nest Cam IQ - USA', 'Nest Cam Outdoor Security Camera - USA'})"
0.10925644916540213,"frozenset({'Nest Secure Alarm System Starter Pack - USA', 'Nest Cam IQ - USA', 'Nest Cam Outdoor Security Camera - USA'})"
0.13429438543247343,"frozenset({'Nest Thermostat E - USA', 'Nest Cam IQ - USA', 'Nest Cam Outdoor Security Camera - USA'})"
0.15705614567526555,"frozenset({'Nest Learning Thermostat 3rd Gen-USA - White', 'Nest Cam IQ - USA', 'Nest Learning Thermostat 3rd Gen-USA - Stainless Steel'})"
0.15629742033383914,"frozenset({'Nest Cam IQ - USA', 'Nest Protect Smoke + CO White Battery Alarm-USA', 'Nest Learning Thermostat 3rd Gen-USA - Stainless Steel'})"
0.13808801213960548,"frozenset({'Nest Protect Smoke + CO White Wired Alarm-USA', 'Nest Cam IQ - USA', 'Nest Learning Thermostat 3rd Gen-USA - Stainless Steel'})"
0.11532625189681335,"frozenset({'Nest Secure Alarm System Starter Pack - USA', 'Nest Cam IQ - USA', 'Nest Learning Thermostat 3rd Gen-USA - Stainless Steel'})"
0.13581183611532624,"frozenset({'Nest Thermostat E - USA', 'Nest Cam IQ - USA', 'Nest Learning Thermostat 3rd Gen-USA - Stainless Steel'})"
0.13050075872534142,"frozenset({'Nest Learning Thermostat 3rd Gen-USA - White', 'Nest Cam IQ - USA', 'Nest Protect Smoke + CO White Battery Alarm-USA'})"
0.11229135053110774,"frozenset({'Nest Learning Thermostat 3rd Gen-USA - White', 'Nest Protect Smoke + CO White Wired Alarm-USA', 'Nest Cam IQ - USA'})"
0.11684370257966616,"frozenset({'Nest Learning Thermostat 3rd Gen-USA - White', 'Nest Thermostat E - USA', 'Nest Cam IQ - USA'})"
0.11760242792109256,"frozenset({'Nest Protect Smoke + CO White Wired Alarm-USA', 'Nest Cam IQ - USA', 'Nest Protect Smoke + CO White Battery Alarm-USA'})"
0.10925644916540213,"frozenset({'Nest Thermostat E - USA', 'Nest Cam IQ - USA', 'Nest Protect Smoke + CO White Battery Alarm-USA'})"
0.1039453717754173,"frozenset({'Nest Thermostat E - USA', 'Nest Protect Smoke + CO White Wired Alarm-USA', 'Nest Cam IQ - USA'})"
0.10091047040971168,"frozenset({'Nest Secure Alarm System Starter Pack - USA', 'Nest Thermostat E - USA', 'Nest Cam IQ - USA'})"
0.16843702579666162,"frozenset({'Nest Learning Thermostat 3rd Gen-USA - Copper', 'Nest Cam Indoor Security Camera - USA', 'Nest Cam Outdoor Security Camera - USA'})"
0.5151745068285281,"frozenset({'Nest Learning Thermostat 3rd Gen-USA - Stainless Steel', 'Nest Cam Indoor Security Camera - USA', 'Nest Cam Outdoor Security Camera - USA'})"
0.3118361153262519,"frozenset({'Nest Learning Thermostat 3rd Gen-USA - White', 'Nest Cam Indoor Security Camera - USA', 'Nest Cam Outdoor Security Camera - USA'})"
0.36722306525037934,"frozenset({'Nest Protect Smoke + CO White Battery Alarm-USA', 'Nest Cam Indoor Security Camera - USA', 'Nest Cam Outdoor Security Camera - USA'})"
0.33990895295902884,"frozenset({'Nest Protect Smoke + CO White Wired Alarm-USA', 'Nest Cam Indoor Security Camera - USA', 'Nest Cam Outdoor Security Camera - USA'})"
0.1479514415781487,"frozenset({'Nest Secure Alarm System Starter Pack - USA', 'Nest Cam Indoor Security Camera - USA', 'Nest Cam Outdoor Security Camera - USA'})"
0.18892261001517452,"frozenset({'Nest Thermostat E - USA', 'Nest Cam Indoor Security Camera - USA', 'Nest Cam Outdoor Security Camera - USA'})"
0.11077389984825493,"frozenset({'Recycled Paper Journal Set', 'Nest Cam Indoor Security Camera - USA', 'Nest Cam Outdoor Security Camera - USA'})"
0.13884673748103188,"frozenset({'Nest Cam Indoor Security Camera - USA', 'Nest Cam Outdoor Security Camera - USA', 'Red Shine 15 oz Mug'})"
0.165402124430956,"frozenset({'Sport Bag', 'Nest Cam Indoor Security Camera - USA', 'Nest Cam Outdoor Security Camera - USA'})"
0.1638846737481032,"frozenset({'Windup Android', 'Nest Cam Indoor Security Camera - USA', 'Nest Cam Outdoor Security Camera - USA'})"
0.18361153262518967,"frozenset({'Nest Cam Indoor Security Camera - USA', 'YouTube Custom Decals', 'Nest Cam Outdoor Security Camera - USA'})"
0.16919575113808802,"frozenset({'Nest Learning Thermostat 3rd Gen-USA - Copper', 'Nest Cam Indoor Security Camera - USA', 'Nest Learning Thermostat 3rd Gen-USA - Stainless Steel'})"
0.13429438543247343,"frozenset({'Nest Learning Thermostat 3rd Gen-USA - White', 'Nest Learning Thermostat 3rd Gen-USA - Copper', 'Nest Cam Indoor Security Camera - USA'})"
0.13732928679817905,"frozenset({'Nest Learning Thermostat 3rd Gen-USA - Copper', 'Nest Protect Smoke + CO White Battery Alarm-USA', 'Nest Cam Indoor Security Camera - USA'})"
0.1236722306525038,"frozenset({'Nest Protect Smoke + CO White Wired Alarm-USA', 'Nest Learning Thermostat 3rd Gen-USA - Copper', 'Nest Cam Indoor Security Camera - USA'})"
0.3088012139605463,"frozenset({'Nest Learning Thermostat 3rd Gen-USA - White', 'Nest Cam Indoor Security Camera - USA', 'Nest Learning Thermostat 3rd Gen-USA - Stainless Steel'})"
0.36418816388467373,"frozenset({'Nest Protect Smoke + CO White Battery Alarm-USA', 'Nest Cam Indoor Security Camera - USA', 'Nest Learning Thermostat 3rd Gen-USA - Stainless Steel'})"
0.34522003034901366,"frozenset({'Nest Protect Smoke + CO White Wired Alarm-USA', 'Nest Cam Indoor Security Camera - USA', 'Nest Learning Thermostat 3rd Gen-USA - Stainless Steel'})"
0.15477996965098634,"frozenset({'Nest Secure Alarm System Starter Pack - USA', 'Nest Cam Indoor Security Camera - USA', 'Nest Learning Thermostat 3rd Gen-USA - Stainless Steel'})"
0.19726858877086495,"frozenset({'Nest Thermostat E - USA', 'Nest Cam Indoor Security Camera - USA', 'Nest Learning Thermostat 3rd Gen-USA - Stainless Steel'})"
0.10773899848254932,"frozenset({'Recycled Paper Journal Set', 'Nest Cam Indoor Security Camera - USA', 'Nest Learning Thermostat 3rd Gen-USA - Stainless Steel'})"
0.13960546282245828,"frozenset({'Nest Learning Thermostat 3rd Gen-USA - Stainless Steel', 'Nest Cam Indoor Security Camera - USA', 'Red Shine 15 oz Mug'})"
0.16236722306525037,"frozenset({'Sport Bag', 'Nest Cam Indoor Security Camera - USA', 'Nest Learning Thermostat 3rd Gen-USA - Stainless Steel'})"
0.1646433990895296,"frozenset({'Windup Android', 'Nest Cam Indoor Security Camera - USA', 'Nest Learning Thermostat 3rd Gen-USA - Stainless Steel'})"
0.18133535660091046,"frozenset({'Nest Cam Indoor Security Camera - USA', 'YouTube Custom Decals', 'Nest Learning Thermostat 3rd Gen-USA - Stainless Steel'})"
0.23672230652503792,"frozenset({'Nest Learning Thermostat 3rd Gen-USA - White', 'Nest Protect Smoke + CO White Battery Alarm-USA', 'Nest Cam Indoor Security Camera - USA'})"
0.21775417298937785,"frozenset({'Nest Learning Thermostat 3rd Gen-USA - White', 'Nest Protect Smoke + CO White Wired Alarm-USA', 'Nest Cam Indoor Security Camera - USA'})"
0.12898330804248861,"frozenset({'Nest Learning Thermostat 3rd Gen-USA - White', 'Nest Secure Alarm System Starter Pack - USA', 'Nest Cam Indoor Security Camera - USA'})"
0.15857359635811835,"frozenset({'Nest Learning Thermostat 3rd Gen-USA - White', 'Nest Thermostat E - USA', 'Nest Cam Indoor Security Camera - USA'})"
0.11532625189681335,"frozenset({'Nest Learning Thermostat 3rd Gen-USA - White', 'Sport Bag', 'Nest Cam Indoor Security Camera - USA'})"
0.11456752655538695,"frozenset({'Nest Learning Thermostat 3rd Gen-USA - White', 'Nest Cam Indoor Security Camera - USA', 'Windup Android'})"
0.12139605462822459,"frozenset({'Nest Learning Thermostat 3rd Gen-USA - White', 'Nest Cam Indoor Security Camera - USA', 'YouTube Custom Decals'})"
0.2564491654021244,"frozenset({'Nest Protect Smoke + CO White Wired Alarm-USA', 'Nest Protect Smoke + CO White Battery Alarm-USA', 'Nest Cam Indoor Security Camera - USA'})"
0.12063732928679818,"frozenset({'Nest Secure Alarm System Starter Pack - USA', 'Nest Protect Smoke + CO White Battery Alarm-USA', 'Nest Cam Indoor Security Camera - USA'})"
0.1479514415781487,"frozenset({'Nest Thermostat E - USA', 'Nest Protect Smoke + CO White Battery Alarm-USA', 'Nest Cam Indoor Security Camera - USA'})"
0.11229135053110774,"frozenset({'Nest Protect Smoke + CO White Battery Alarm-USA', 'Nest Cam Indoor Security Camera - USA', 'Red Shine 15 oz Mug'})"
0.13201820940819423,"frozenset({'Sport Bag', 'Nest Protect Smoke + CO White Battery Alarm-USA', 'Nest Cam Indoor Security Camera - USA'})"
0.13581183611532624,"frozenset({'Nest Protect Smoke + CO White Battery Alarm-USA', 'Nest Cam Indoor Security Camera - USA', 'Windup Android'})"
0.1456752655538695,"frozenset({'Nest Protect Smoke + CO White Battery Alarm-USA', 'Nest Cam Indoor Security Camera - USA', 'YouTube Custom Decals'})"
0.11684370257966616,"frozenset({'Nest Secure Alarm System Starter Pack - USA', 'Nest Protect Smoke + CO White Wired Alarm-USA', 'Nest Cam Indoor Security Camera - USA'})"
0.1479514415781487,"frozenset({'Nest Thermostat E - USA', 'Nest Protect Smoke + CO White Wired Alarm-USA', 'Nest Cam Indoor Security Camera - USA'})"
0.1047040971168437,"frozenset({'Nest Protect Smoke + CO White Wired Alarm-USA', 'Nest Cam Indoor Security Camera - USA', 'Red Shine 15 oz Mug'})"
0.1251896813353566,"frozenset({'Sport Bag', 'Nest Protect Smoke + CO White Wired Alarm-USA', 'Nest Cam Indoor Security Camera - USA'})"
0.1282245827010622,"frozenset({'Nest Protect Smoke + CO White Wired Alarm-USA', 'Nest Cam Indoor Security Camera - USA', 'Windup Android'})"
0.13429438543247343,"frozenset({'Nest Protect Smoke + CO White Wired Alarm-USA', 'Nest Cam Indoor Security Camera - USA', 'YouTube Custom Decals'})"
0.13657056145675264,"frozenset({'Nest Secure Alarm System Starter Pack - USA', 'Nest Thermostat E - USA', 'Nest Cam Indoor Security Camera - USA'})"
0.16236722306525037,"frozenset({'Nest Learning Thermostat 3rd Gen-USA - Stainless Steel', 'Nest Learning Thermostat 3rd Gen-USA - Copper', 'Nest Cam Outdoor Security Camera - USA'})"
0.1267071320182094,"frozenset({'Nest Learning Thermostat 3rd Gen-USA - White', 'Nest Learning Thermostat 3rd Gen-USA - Copper', 'Nest Cam Outdoor Security Camera - USA'})"
0.13505311077389984,"frozenset({'Nest Learning Thermostat 3rd Gen-USA - Copper', 'Nest Protect Smoke + CO White Battery Alarm-USA', 'Nest Cam Outdoor Security Camera - USA'})"
0.11836115326251896,"frozenset({'Nest Protect Smoke + CO White Wired Alarm-USA', 'Nest Learning Thermostat 3rd Gen-USA - Copper', 'Nest Cam Outdoor Security Camera - USA'})"
0.30576631259484066,"frozenset({'Nest Learning Thermostat 3rd Gen-USA - White', 'Nest Learning Thermostat 3rd Gen-USA - Stainless Steel', 'Nest Cam Outdoor Security Camera - USA'})"
0.36646433990895294,"frozenset({'Nest Learning Thermostat 3rd Gen-USA - Stainless Steel', 'Nest Protect Smoke + CO White Battery Alarm-USA', 'Nest Cam Outdoor Security Camera - USA'})"
0.33611532625189683,"frozenset({'Nest Learning Thermostat 3rd Gen-USA - Stainless Steel', 'Nest Protect Smoke + CO White Wired Alarm-USA', 'Nest Cam Outdoor Security Camera - USA'})"
0.14871016691957512,"frozenset({'Nest Secure Alarm System Starter Pack - USA', 'Nest Learning Thermostat 3rd Gen-USA - Stainless Steel', 'Nest Cam Outdoor Security Camera - USA'})"
0.19271623672230653,"frozenset({'Nest Learning Thermostat 3rd Gen-USA - Stainless Steel', 'Nest Thermostat E - USA', 'Nest Cam Outdoor Security Camera - USA'})"
0.11077389984825493,"frozenset({'Recycled Paper Journal Set', 'Nest Learning Thermostat 3rd Gen-USA - Stainless Steel', 'Nest Cam Outdoor Security Camera - USA'})"
0.13960546282245828,"frozenset({'Nest Learning Thermostat 3rd Gen-USA - Stainless Steel', 'Nest Cam Outdoor Security Camera - USA', 'Red Shine 15 oz Mug'})"
0.1661608497723824,"frozenset({'Sport Bag', 'Nest Learning Thermostat 3rd Gen-USA - Stainless Steel', 'Nest Cam Outdoor Security Camera - USA'})"
0.15781487101669195,"frozenset({'Nest Learning Thermostat 3rd Gen-USA - Stainless Steel', 'Windup Android', 'Nest Cam Outdoor Security Camera - USA'})"
0.17905918057663125,"frozenset({'Nest Learning Thermostat 3rd Gen-USA - Stainless Steel', 'YouTube Custom Decals', 'Nest Cam Outdoor Security Camera - USA'})"
0.23748103186646433,"frozenset({'Nest Learning Thermostat 3rd Gen-USA - White', 'Nest Protect Smoke + CO White Battery Alarm-USA', 'Nest Cam Outdoor Security Camera - USA'})"
0.208649468892261,"frozenset({'Nest Learning Thermostat 3rd Gen-USA - White', 'Nest Protect Smoke + CO White Wired Alarm-USA', 'Nest Cam Outdoor Security Camera - USA'})"
0.12215477996965099,"frozenset({'Nest Learning Thermostat 3rd Gen-USA - White', 'Nest Secure Alarm System Starter Pack - USA', 'Nest Cam Outdoor Security Camera - USA'})"
0.15098634294385432,"frozenset({'Nest Learning Thermostat 3rd Gen-USA - White', 'Nest Thermostat E - USA', 'Nest Cam Outdoor Security Camera - USA'})"
0.11760242792109256,"frozenset({'Nest Learning Thermostat 3rd Gen-USA - White', 'Sport Bag', 'Nest Cam Outdoor Security Camera - USA'})"
0.11380880121396054,"frozenset({'Nest Learning Thermostat 3rd Gen-USA - White', 'Windup Android', 'Nest Cam Outdoor Security Camera - USA'})"
0.11987860394537178,"frozenset({'Nest Learning Thermostat 3rd Gen-USA - White', 'YouTube Custom Decals', 'Nest Cam Outdoor Security Camera - USA'})"
0.248103186646434,"frozenset({'Nest Protect Smoke + CO White Wired Alarm-USA', 'Nest Protect Smoke + CO White Battery Alarm-USA', 'Nest Cam Outdoor Security Camera - USA'})"
0.12063732928679818,"frozenset({'Nest Secure Alarm System Starter Pack - USA', 'Nest Protect Smoke + CO White Battery Alarm-USA', 'Nest Cam Outdoor Security Camera - USA'})"
0.1418816388467375,"frozenset({'Nest Thermostat E - USA', 'Nest Protect Smoke + CO White Battery Alarm-USA', 'Nest Cam Outdoor Security Camera - USA'})"
0.11305007587253414,"frozenset({'Nest Protect Smoke + CO White Battery Alarm-USA', 'Nest Cam Outdoor Security Camera - USA', 'Red Shine 15 oz Mug'})"
0.13277693474962063,"frozenset({'Sport Bag', 'Nest Protect Smoke + CO White Battery Alarm-USA', 'Nest Cam Outdoor Security Camera - USA'})"
0.1267071320182094,"frozenset({'Windup Android', 'Nest Protect Smoke + CO White Battery Alarm-USA', 'Nest Cam Outdoor Security Camera - USA'})"
0.1433990895295903,"frozenset({'Nest Protect Smoke + CO White Battery Alarm-USA', 'YouTube Custom Decals', 'Nest Cam Outdoor Security Camera - USA'})"
0.11229135053110774,"frozenset({'Nest Secure Alarm System Starter Pack - USA', 'Nest Protect Smoke + CO White Wired Alarm-USA', 'Nest Cam Outdoor Security Camera - USA'})"
0.13960546282245828,"frozenset({'Nest Thermostat E - USA', 'Nest Protect Smoke + CO White Wired Alarm-USA', 'Nest Cam Outdoor Security Camera - USA'})"
0.10242792109256449,"frozenset({'Nest Protect Smoke + CO White Wired Alarm-USA', 'Nest Cam Outdoor Security Camera - USA', 'Red Shine 15 oz Mug'})"
0.11911987860394538,"frozenset({'Sport Bag', 'Nest Protect Smoke + CO White Wired Alarm-USA', 'Nest Cam Outdoor Security Camera - USA'})"
0.11911987860394538,"frozenset({'Windup Android', 'Nest Protect Smoke + CO White Wired Alarm-USA', 'Nest Cam Outdoor Security Camera - USA'})"
0.1282245827010622,"frozenset({'Nest Protect Smoke + CO White Wired Alarm-USA', 'YouTube Custom Decals', 'Nest Cam Outdoor Security Camera - USA'})"
0.12974203338391502,"frozenset({'Nest Secure Alarm System Starter Pack - USA', 'Nest Thermostat E - USA', 'Nest Cam Outdoor Security Camera - USA'})"
0.125948406676783,"frozenset({'Nest Learning Thermostat 3rd Gen-USA - White', 'Nest Learning Thermostat 3rd Gen-USA - Copper', 'Nest Learning Thermostat 3rd Gen-USA - Stainless Steel'})"
0.13732928679817905,"frozenset({'Nest Learning Thermostat 3rd Gen-USA - Copper', 'Nest Protect Smoke + CO White Battery Alarm-USA', 'Nest Learning Thermostat 3rd Gen-USA - Stainless Steel'})"
0.1244309559939302,"frozenset({'Nest Protect Smoke + CO White Wired Alarm-USA', 'Nest Learning Thermostat 3rd Gen-USA - Copper', 'Nest Learning Thermostat 3rd Gen-USA - Stainless Steel'})"
0.10925644916540213,"frozenset({'Nest Learning Thermostat 3rd Gen-USA - White', 'Nest Learning Thermostat 3rd Gen-USA - Copper', 'Nest Protect Smoke + CO White Battery Alarm-USA'})"
0.10015174506828528,"frozenset({'Nest Learning Thermostat 3rd Gen-USA - White', 'Nest Protect Smoke + CO White Wired Alarm-USA', 'Nest Learning Thermostat 3rd Gen-USA - Copper'})"
0.10166919575113809,"frozenset({'Nest Protect Smoke + CO White Wired Alarm-USA', 'Nest Learning Thermostat 3rd Gen-USA - Copper', 'Nest Protect Smoke + CO White Battery Alarm-USA'})"
0.23899848254931716,"frozenset({'Nest Learning Thermostat 3rd Gen-USA - White', 'Nest Protect Smoke + CO White Battery Alarm-USA', 'Nest Learning Thermostat 3rd Gen-USA - Stainless Steel'})"
0.21320182094081944,"frozenset({'Nest Learning Thermostat 3rd Gen-USA - White', 'Nest Protect Smoke + CO White Wired Alarm-USA', 'Nest Learning Thermostat 3rd Gen-USA - Stainless Steel'})"
0.13125948406676782,"frozenset({'Nest Learning Thermostat 3rd Gen-USA - White', 'Nest Secure Alarm System Starter Pack - USA', 'Nest Learning Thermostat 3rd Gen-USA - Stainless Steel'})"
0.15705614567526555,"frozenset({'Nest Learning Thermostat 3rd Gen-USA - White', 'Nest Thermostat E - USA', 'Nest Learning Thermostat 3rd Gen-USA - Stainless Steel'})"
0.11760242792109256,"frozenset({'Nest Learning Thermostat 3rd Gen-USA - White', 'Sport Bag', 'Nest Learning Thermostat 3rd Gen-USA - Stainless Steel'})"
0.11305007587253414,"frozenset({'Nest Learning Thermostat 3rd Gen-USA - White', 'Nest Learning Thermostat 3rd Gen-USA - Stainless Steel', 'Windup Android'})"
0.11911987860394538,"frozenset({'Nest Learning Thermostat 3rd Gen-USA - White', 'YouTube Custom Decals', 'Nest Learning Thermostat 3rd Gen-USA - Stainless Steel'})"
0.255690440060698,"frozenset({'Nest Protect Smoke + CO White Wired Alarm-USA', 'Nest Protect Smoke + CO White Battery Alarm-USA', 'Nest Learning Thermostat 3rd Gen-USA - Stainless Steel'})"
0.1251896813353566,"frozenset({'Nest Secure Alarm System Starter Pack - USA', 'Nest Protect Smoke + CO White Battery Alarm-USA', 'Nest Learning Thermostat 3rd Gen-USA - Stainless Steel'})"
0.15402124430955993,"frozenset({'Nest Thermostat E - USA', 'Nest Protect Smoke + CO White Battery Alarm-USA', 'Nest Learning Thermostat 3rd Gen-USA - Stainless Steel'})"
0.11380880121396054,"frozenset({'Nest Learning Thermostat 3rd Gen-USA - Stainless Steel', 'Nest Protect Smoke + CO White Battery Alarm-USA', 'Red Shine 15 oz Mug'})"
0.13125948406676782,"frozenset({'Sport Bag', 'Nest Protect Smoke + CO White Battery Alarm-USA', 'Nest Learning Thermostat 3rd Gen-USA - Stainless Steel'})"
0.13732928679817905,"frozenset({'Windup Android', 'Nest Protect Smoke + CO White Battery Alarm-USA', 'Nest Learning Thermostat 3rd Gen-USA - Stainless Steel'})"
0.14946889226100152,"frozenset({'Nest Protect Smoke + CO White Battery Alarm-USA', 'YouTube Custom Decals', 'Nest Learning Thermostat 3rd Gen-USA - Stainless Steel'})"
0.11911987860394538,"frozenset({'Nest Secure Alarm System Starter Pack - USA', 'Nest Protect Smoke + CO White Wired Alarm-USA', 'Nest Learning Thermostat 3rd Gen-USA - Stainless Steel'})"
0.14871016691957512,"frozenset({'Nest Thermostat E - USA', 'Nest Protect Smoke + CO White Wired Alarm-USA', 'Nest Learning Thermostat 3rd Gen-USA - Stainless Steel'})"
0.1047040971168437,"frozenset({'Nest Learning Thermostat 3rd Gen-USA - Stainless Steel', 'Nest Protect Smoke + CO White Wired Alarm-USA', 'Red Shine 15 oz Mug'})"
0.12139605462822459,"frozenset({'Sport Bag', 'Nest Protect Smoke + CO White Wired Alarm-USA', 'Nest Learning Thermostat 3rd Gen-USA - Stainless Steel'})"
0.1251896813353566,"frozenset({'Windup Android', 'Nest Protect Smoke + CO White Wired Alarm-USA', 'Nest Learning Thermostat 3rd Gen-USA - Stainless Steel'})"
0.13050075872534142,"frozenset({'Nest Protect Smoke + CO White Wired Alarm-USA', 'YouTube Custom Decals', 'Nest Learning Thermostat 3rd Gen-USA - Stainless Steel'})"
0.1418816388467375,"frozenset({'Nest Secure Alarm System Starter Pack - USA', 'Nest Thermostat E - USA', 'Nest Learning Thermostat 3rd Gen-USA - Stainless Steel'})"
0.17071320182094082,"frozenset({'Nest Learning Thermostat 3rd Gen-USA - White', 'Nest Protect Smoke + CO White Wired Alarm-USA', 'Nest Protect Smoke + CO White Battery Alarm-USA'})"
0.10925644916540213,"frozenset({'Nest Learning Thermostat 3rd Gen-USA - White', 'Nest Secure Alarm System Starter Pack - USA', 'Nest Protect Smoke + CO White Battery Alarm-USA'})"
0.1244309559939302,"frozenset({'Nest Learning Thermostat 3rd Gen-USA - White', 'Nest Thermostat E - USA', 'Nest Protect Smoke + CO White Battery Alarm-USA'})"
0.10015174506828528,"frozenset({'Nest Learning Thermostat 3rd Gen-USA - White', 'Sport Bag', 'Nest Protect Smoke + CO White Battery Alarm-USA'})"
0.1054628224582701,"frozenset({'Nest Learning Thermostat 3rd Gen-USA - White', 'Nest Protect Smoke + CO White Battery Alarm-USA', 'YouTube Custom Decals'})"
0.1039453717754173,"frozenset({'Nest Learning Thermostat 3rd Gen-USA - White', 'Nest Secure Alarm System Starter Pack - USA', 'Nest Protect Smoke + CO White Wired Alarm-USA'})"
0.1244309559939302,"frozenset({'Nest Thermostat E - USA', 'Nest Learning Thermostat 3rd Gen-USA - White', 'Nest Protect Smoke + CO White Wired Alarm-USA'})"
0.11456752655538695,"frozenset({'Nest Learning Thermostat 3rd Gen-USA - White', 'Nest Secure Alarm System Starter Pack - USA', 'Nest Thermostat E - USA'})"
0.10091047040971168,"frozenset({'Nest Secure Alarm System Starter Pack - USA', 'Nest Protect Smoke + CO White Wired Alarm-USA', 'Nest Protect Smoke + CO White Battery Alarm-USA'})"
0.12063732928679818,"frozenset({'Nest Thermostat E - USA', 'Nest Protect Smoke + CO White Wired Alarm-USA', 'Nest Protect Smoke + CO White Battery Alarm-USA'})"
0.1039453717754173,"frozenset({'Sport Bag', 'Nest Protect Smoke + CO White Wired Alarm-USA', 'Nest Protect Smoke + CO White Battery Alarm-USA'})"
0.1039453717754173,"frozenset({'Nest Protect Smoke + CO White Wired Alarm-USA', 'Nest Protect Smoke + CO White Battery Alarm-USA', 'Windup Android'})"
0.10925644916540213,"frozenset({'Nest Protect Smoke + CO White Wired Alarm-USA', 'Nest Protect Smoke + CO White Battery Alarm-USA', 'YouTube Custom Decals'})"
0.10773899848254932,"frozenset({'Nest Secure Alarm System Starter Pack - USA', 'Nest Thermostat E - USA', 'Nest Protect Smoke + CO White Battery Alarm-USA'})"
0.10242792109256449,"frozenset({'Nest Thermostat E - USA', 'Nest Secure Alarm System Starter Pack - USA', 'Nest Protect Smoke + CO White Wired Alarm-USA'})"
0.1441578148710167,"frozenset({'Nest Learning Thermostat 3rd Gen-USA - Stainless Steel', 'Nest Cam Indoor Security Camera - USA', '26 oz Double Wall Insulated Bottle', 'Nest Cam Outdoor Security Camera - USA'})"
0.10849772382397573,"frozenset({'Nest Protect Smoke + CO White Battery Alarm-USA', 'Nest Cam Indoor Security Camera - USA', '26 oz Double Wall Insulated Bottle', 'Nest Cam Outdoor Security Camera - USA'})"
0.11077389984825493,"frozenset({'Nest Protect Smoke + CO White Wired Alarm-USA', 'Nest Cam Indoor Security Camera - USA', '26 oz Double Wall Insulated Bottle', 'Nest Cam Outdoor Security Camera - USA'})"
0.10925644916540213,"frozenset({'Nest Learning Thermostat 3rd Gen-USA - Stainless Steel', 'Nest Protect Smoke + CO White Battery Alarm-USA', 'Nest Cam Indoor Security Camera - USA', '26 oz Double Wall Insulated Bottle'})"
0.11380880121396054,"frozenset({'Nest Learning Thermostat 3rd Gen-USA - Stainless Steel', 'Nest Protect Smoke + CO White Wired Alarm-USA', 'Nest Cam Indoor Security Camera - USA', '26 oz Double Wall Insulated Bottle'})"
0.10849772382397573,"frozenset({'Nest Learning Thermostat 3rd Gen-USA - Stainless Steel', 'Nest Protect Smoke + CO White Battery Alarm-USA', '26 oz Double Wall Insulated Bottle', 'Nest Cam Outdoor Security Camera - USA'})"
0.10925644916540213,"frozenset({'Nest Learning Thermostat 3rd Gen-USA - Stainless Steel', 'Nest Protect Smoke + CO White Wired Alarm-USA', '26 oz Double Wall Insulated Bottle', 'Nest Cam Outdoor Security Camera - USA'})"
0.11911987860394538,"frozenset({'Nest Learning Thermostat 3rd Gen-USA - Stainless Steel', 'Nest Cam Indoor Security Camera - USA', '8 pc Android Sticker Sheet', 'Nest Cam Outdoor Security Camera - USA'})"
0.10015174506828528,"frozenset({'Nest Protect Smoke + CO White Wired Alarm-USA', 'Nest Cam Indoor Security Camera - USA', '8 pc Android Sticker Sheet', 'Nest Cam Outdoor Security Camera - USA'})"
0.11684370257966616,"frozenset({'Nest Learning Thermostat 3rd Gen-USA - Stainless Steel', 'Ballpoint LED Light Pen', 'Nest Cam Indoor Security Camera - USA', 'Nest Cam Outdoor Security Camera - USA'})"
0.11153262518968134,"frozenset({'Nest Learning Thermostat 3rd Gen-USA - Stainless Steel', 'Foam Can and Bottle Cooler', 'Nest Cam Indoor Security Camera - USA', 'Nest Cam Outdoor Security Camera - USA'})"
0.10015174506828528,"frozenset({'Four Color Retractable Pen', 'Nest Cam Indoor Security Camera - USA', 'Nest Cam Outdoor Security Camera - USA', 'Google Laptop and Cell Phone Stickers'})"
0.10166919575113809,"frozenset({'Nest Cam Indoor Security Camera - USA', 'Google Sunglasses', 'Nest Cam Outdoor Security Camera - USA', 'Four Color Retractable Pen'})"
0.10091047040971168,"frozenset({'Nest Cam Indoor Security Camera - USA', 'Google Sunglasses', 'Nest Learning Thermostat 3rd Gen-USA - Stainless Steel', 'Four Color Retractable Pen'})"
0.10091047040971168,"frozenset({'Four Color Retractable Pen', 'Google Sunglasses', 'Nest Learning Thermostat 3rd Gen-USA - Stainless Steel', 'Nest Cam Outdoor Security Camera - USA'})"
0.13960546282245828,"frozenset({'Four Color Retractable Pen', 'Nest Cam Indoor Security Camera - USA', 'Nest Learning Thermostat 3rd Gen-USA - Stainless Steel', 'Nest Cam Outdoor Security Camera - USA'})"
0.10015174506828528,"frozenset({'Nest Learning Thermostat 3rd Gen-USA - White', 'Nest Cam Indoor Security Camera - USA', 'Nest Cam Outdoor Security Camera - USA', 'Four Color Retractable Pen'})"
0.11380880121396054,"frozenset({'Nest Protect Smoke + CO White Battery Alarm-USA', 'Nest Cam Indoor Security Camera - USA', 'Nest Cam Outdoor Security Camera - USA', 'Four Color Retractable Pen'})"
0.1062215477996965,"frozenset({'Nest Protect Smoke + CO White Wired Alarm-USA', 'Nest Cam Indoor Security Camera - USA', 'Nest Cam Outdoor Security Camera - USA', 'Four Color Retractable Pen'})"
0.11456752655538695,"frozenset({'Nest Protect Smoke + CO White Battery Alarm-USA', 'Nest Cam Indoor Security Camera - USA', 'Nest Learning Thermostat 3rd Gen-USA - Stainless Steel', 'Four Color Retractable Pen'})"
0.10773899848254932,"frozenset({'Nest Protect Smoke + CO White Wired Alarm-USA', 'Nest Cam Indoor Security Camera - USA', 'Nest Learning Thermostat 3rd Gen-USA - Stainless Steel', 'Four Color Retractable Pen'})"
0.11305007587253414,"frozenset({'Four Color Retractable Pen', 'Nest Protect Smoke + CO White Battery Alarm-USA', 'Nest Learning Thermostat 3rd Gen-USA - Stainless Steel', 'Nest Cam Outdoor Security Camera - USA'})"
0.1047040971168437,"frozenset({'Nest Protect Smoke + CO White Wired Alarm-USA', 'Four Color Retractable Pen', 'Nest Learning Thermostat 3rd Gen-USA - Stainless Steel', 'Nest Cam Outdoor Security Camera - USA'})"
0.11001517450682853,"frozenset({'Google 22 oz Water Bottle', 'Nest Cam Indoor Security Camera - USA', 'Google Sunglasses', 'Google Laptop and Cell Phone Stickers'})"
0.11001517450682853,"frozenset({'Google 22 oz Water Bottle', 'Google Sunglasses', 'Nest Cam Outdoor Security Camera - USA', 'Google Laptop and Cell Phone Stickers'})"
0.11684370257966616,"frozenset({'Google 22 oz Water Bottle', 'Google Sunglasses', 'Nest Learning Thermostat 3rd Gen-USA - Stainless Steel', 'Google Laptop and Cell Phone Stickers'})"
0.1441578148710167,"frozenset({'Google 22 oz Water Bottle', 'Nest Cam Indoor Security Camera - USA', 'Nest Cam Outdoor Security Camera - USA', 'Google Laptop and Cell Phone Stickers'})"
0.15174506828528073,"frozenset({'Google 22 oz Water Bottle', 'Nest Cam Indoor Security Camera - USA', 'Nest Learning Thermostat 3rd Gen-USA - Stainless Steel', 'Google Laptop and Cell Phone Stickers'})"
0.10242792109256449,"frozenset({'Google 22 oz Water Bottle', 'Nest Learning Thermostat 3rd Gen-USA - White', 'Nest Cam Indoor Security Camera - USA', 'Google Laptop and Cell Phone Stickers'})"
0.11001517450682853,"frozenset({'Google 22 oz Water Bottle', 'Nest Protect Smoke + CO White Battery Alarm-USA', 'Nest Cam Indoor Security Camera - USA', 'Google Laptop and Cell Phone Stickers'})"
0.11760242792109256,"frozenset({'Google 22 oz Water Bottle', 'Nest Protect Smoke + CO White Wired Alarm-USA', 'Nest Cam Indoor Security Camera - USA', 'Google Laptop and Cell Phone Stickers'})"
0.1456752655538695,"frozenset({'Google 22 oz Water Bottle', 'Nest Learning Thermostat 3rd Gen-USA - Stainless Steel', 'Nest Cam Outdoor Security Camera - USA', 'Google Laptop and Cell Phone Stickers'})"
0.11001517450682853,"frozenset({'Google 22 oz Water Bottle', 'Nest Protect Smoke + CO White Battery Alarm-USA', 'Nest Cam Outdoor Security Camera - USA', 'Google Laptop and Cell Phone Stickers'})"
0.11077389984825493,"frozenset({'Google 22 oz Water Bottle', 'Nest Protect Smoke + CO White Wired Alarm-USA', 'Nest Cam Outdoor Security Camera - USA', 'Google Laptop and Cell Phone Stickers'})"
0.1062215477996965,"frozenset({'Google 22 oz Water Bottle', 'Nest Learning Thermostat 3rd Gen-USA - White', 'Nest Learning Thermostat 3rd Gen-USA - Stainless Steel', 'Google Laptop and Cell Phone Stickers'})"
0.11760242792109256,"frozenset({'Google 22 oz Water Bottle', 'Nest Protect Smoke + CO White Battery Alarm-USA', 'Nest Learning Thermostat 3rd Gen-USA - Stainless Steel', 'Google Laptop and Cell Phone Stickers'})"
0.11608497723823975,"frozenset({'Google 22 oz Water Bottle', 'Nest Protect Smoke + CO White Wired Alarm-USA', 'Nest Learning Thermostat 3rd Gen-USA - Stainless Steel', 'Google Laptop and Cell Phone Stickers'})"
0.10698027314112292,"frozenset({'Google 22 oz Water Bottle', ""Google Men's 100% Cotton Short Sleeve Hero Tee Black"", 'Nest Cam Indoor Security Camera - USA', 'Nest Cam Outdoor Security Camera - USA'})"
0.1062215477996965,"frozenset({'Google 22 oz Water Bottle', ""Google Men's 100% Cotton Short Sleeve Hero Tee Black"", 'Nest Cam Indoor Security Camera - USA', 'Nest Learning Thermostat 3rd Gen-USA - Stainless Steel'})"
0.10242792109256449,"frozenset({'Google 22 oz Water Bottle', ""Google Men's 100% Cotton Short Sleeve Hero Tee Black"", 'Nest Learning Thermostat 3rd Gen-USA - Stainless Steel', 'Nest Cam Outdoor Security Camera - USA'})"
0.1456752655538695,"frozenset({'Google 22 oz Water Bottle', 'Nest Cam Indoor Security Camera - USA', 'Google Sunglasses', 'Nest Cam Outdoor Security Camera - USA'})"
0.1471927162367223,"frozenset({'Google 22 oz Water Bottle', 'Nest Cam Indoor Security Camera - USA', 'Google Sunglasses', 'Nest Learning Thermostat 3rd Gen-USA - Stainless Steel'})"
0.10849772382397573,"frozenset({'Google 22 oz Water Bottle', 'Nest Learning Thermostat 3rd Gen-USA - White', 'Nest Cam Indoor Security Camera - USA', 'Google Sunglasses'})"
0.11836115326251896,"frozenset({'Google 22 oz Water Bottle', 'Nest Protect Smoke + CO White Battery Alarm-USA', 'Nest Cam Indoor Security Camera - USA', 'Google Sunglasses'})"
0.11684370257966616,"frozenset({'Google 22 oz Water Bottle', 'Nest Protect Smoke + CO White Wired Alarm-USA', 'Nest Cam Indoor Security Camera - USA', 'Google Sunglasses'})"
0.15022761760242792,"frozenset({'Google 22 oz Water Bottle', 'Google Sunglasses', 'Nest Learning Thermostat 3rd Gen-USA - Stainless Steel', 'Nest Cam Outdoor Security Camera - USA'})"
0.10773899848254932,"frozenset({'Google 22 oz Water Bottle', 'Nest Learning Thermostat 3rd Gen-USA - White', 'Google Sunglasses', 'Nest Cam Outdoor Security Camera - USA'})"
0.11911987860394538,"frozenset({'Google 22 oz Water Bottle', 'Nest Protect Smoke + CO White Battery Alarm-USA', 'Google Sunglasses', 'Nest Cam Outdoor Security Camera - USA'})"
0.11380880121396054,"frozenset({'Google 22 oz Water Bottle', 'Nest Protect Smoke + CO White Wired Alarm-USA', 'Google Sunglasses', 'Nest Cam Outdoor Security Camera - USA'})"
0.11380880121396054,"frozenset({'Google 22 oz Water Bottle', 'Nest Learning Thermostat 3rd Gen-USA - White', 'Google Sunglasses', 'Nest Learning Thermostat 3rd Gen-USA - Stainless Steel'})"
0.125948406676783,"frozenset({'Google 22 oz Water Bottle', 'Nest Protect Smoke + CO White Battery Alarm-USA', 'Google Sunglasses', 'Nest Learning Thermostat 3rd Gen-USA - Stainless Steel'})"
0.11836115326251896,"frozenset({'Google 22 oz Water Bottle', 'Nest Protect Smoke + CO White Wired Alarm-USA', 'Google Sunglasses', 'Nest Learning Thermostat 3rd Gen-USA - Stainless Steel'})"
0.10318664643399089,"frozenset({'Google 22 oz Water Bottle', 'Google Twill Cap', 'Nest Cam Indoor Security Camera - USA', 'Nest Cam Outdoor Security Camera - USA'})"
0.10925644916540213,"frozenset({'Google 22 oz Water Bottle', 'Google Twill Cap', 'Nest Cam Indoor Security Camera - USA', 'Nest Learning Thermostat 3rd Gen-USA - Stainless Steel'})"
0.10166919575113809,"frozenset({'Google 22 oz Water Bottle', 'Nest Learning Thermostat 3rd Gen-USA - Stainless Steel', 'Google Twill Cap', 'Nest Cam Outdoor Security Camera - USA'})"
0.1062215477996965,"frozenset({'Google 22 oz Water Bottle', 'Nest Cam IQ - USA', 'Nest Cam Indoor Security Camera - USA', 'Nest Cam Outdoor Security Camera - USA'})"
0.10925644916540213,"frozenset({'Google 22 oz Water Bottle', 'Nest Cam IQ - USA', 'Nest Cam Indoor Security Camera - USA', 'Nest Learning Thermostat 3rd Gen-USA - Stainless Steel'})"
0.1047040971168437,"frozenset({'Google 22 oz Water Bottle', 'Nest Learning Thermostat 3rd Gen-USA - Stainless Steel', 'Nest Cam IQ - USA', 'Nest Cam Outdoor Security Camera - USA'})"
0.22458270106221548,"frozenset({'Google 22 oz Water Bottle', 'Nest Learning Thermostat 3rd Gen-USA - Stainless Steel', 'Nest Cam Indoor Security Camera - USA', 'Nest Cam Outdoor Security Camera - USA'})"
0.14871016691957512,"frozenset({'Google 22 oz Water Bottle', 'Nest Learning Thermostat 3rd Gen-USA - White', 'Nest Cam Indoor Security Camera - USA', 'Nest Cam Outdoor Security Camera - USA'})"
0.165402124430956,"frozenset({'Google 22 oz Water Bottle', 'Nest Protect Smoke + CO White Battery Alarm-USA', 'Nest Cam Indoor Security Camera - USA', 'Nest Cam Outdoor Security Camera - USA'})"
0.165402124430956,"frozenset({'Google 22 oz Water Bottle', 'Nest Protect Smoke + CO White Wired Alarm-USA', 'Nest Cam Indoor Security Camera - USA', 'Nest Cam Outdoor Security Camera - USA'})"
0.1047040971168437,"frozenset({'Google 22 oz Water Bottle', 'Sport Bag', 'Nest Cam Indoor Security Camera - USA', 'Nest Cam Outdoor Security Camera - USA'})"
0.1054628224582701,"frozenset({'Google 22 oz Water Bottle', 'Nest Cam Indoor Security Camera - USA', 'YouTube Custom Decals', 'Nest Cam Outdoor Security Camera - USA'})"
0.15477996965098634,"frozenset({'Google 22 oz Water Bottle', 'Nest Learning Thermostat 3rd Gen-USA - White', 'Nest Cam Indoor Security Camera - USA', 'Nest Learning Thermostat 3rd Gen-USA - Stainless Steel'})"
0.17147192716236723,"frozenset({'Google 22 oz Water Bottle', 'Nest Protect Smoke + CO White Battery Alarm-USA', 'Nest Cam Indoor Security Camera - USA', 'Nest Learning Thermostat 3rd Gen-USA - Stainless Steel'})"
0.16995447647951442,"frozenset({'Google 22 oz Water Bottle', 'Nest Protect Smoke + CO White Wired Alarm-USA', 'Nest Cam Indoor Security Camera - USA', 'Nest Learning Thermostat 3rd Gen-USA - Stainless Steel'})"
0.10015174506828528,"frozenset({'Google 22 oz Water Bottle', 'Nest Thermostat E - USA', 'Nest Cam Indoor Security Camera - USA', 'Nest Learning Thermostat 3rd Gen-USA - Stainless Steel'})"
0.1062215477996965,"frozenset({'Google 22 oz Water Bottle', 'Sport Bag', 'Nest Cam Indoor Security Camera - USA', 'Nest Learning Thermostat 3rd Gen-USA - Stainless Steel'})"
0.10849772382397573,"frozenset({'Google 22 oz Water Bottle', 'Nest Cam Indoor Security Camera - USA', 'YouTube Custom Decals', 'Nest Learning Thermostat 3rd Gen-USA - Stainless Steel'})"
0.12291350531107739,"frozenset({'Google 22 oz Water Bottle', 'Nest Learning Thermostat 3rd Gen-USA - White', 'Nest Protect Smoke + CO White Battery Alarm-USA', 'Nest Cam Indoor Security Camera - USA'})"
0.11911987860394538,"frozenset({'Google 22 oz Water Bottle', 'Nest Learning Thermostat 3rd Gen-USA - White', 'Nest Protect Smoke + CO White Wired Alarm-USA', 'Nest Cam Indoor Security Camera - USA'})"
0.13429438543247343,"frozenset({'Google 22 oz Water Bottle', 'Nest Protect Smoke + CO White Wired Alarm-USA', 'Nest Protect Smoke + CO White Battery Alarm-USA', 'Nest Cam Indoor Security Camera - USA'})"
0.14871016691957512,"frozenset({'Google 22 oz Water Bottle', 'Nest Learning Thermostat 3rd Gen-USA - Stainless Steel', 'Nest Cam Outdoor Security Camera - USA', 'Nest Learning Thermostat 3rd Gen-USA - White'})"
0.1676783004552352,"frozenset({'Google 22 oz Water Bottle', 'Nest Learning Thermostat 3rd Gen-USA - Stainless Steel', 'Nest Protect Smoke + CO White Battery Alarm-USA', 'Nest Cam Outdoor Security Camera - USA'})"
0.1631259484066768,"frozenset({'Google 22 oz Water Bottle', 'Nest Learning Thermostat 3rd Gen-USA - Stainless Steel', 'Nest Protect Smoke + CO White Wired Alarm-USA', 'Nest Cam Outdoor Security Camera - USA'})"
0.10698027314112292,"frozenset({'Google 22 oz Water Bottle', 'Sport Bag', 'Nest Learning Thermostat 3rd Gen-USA - Stainless Steel', 'Nest Cam Outdoor Security Camera - USA'})"
0.10849772382397573,"frozenset({'Google 22 oz Water Bottle', 'Nest Learning Thermostat 3rd Gen-USA - Stainless Steel', 'YouTube Custom Decals', 'Nest Cam Outdoor Security Camera - USA'})"
0.12139605462822459,"frozenset({'Google 22 oz Water Bottle', 'Nest Learning Thermostat 3rd Gen-USA - White', 'Nest Protect Smoke + CO White Battery Alarm-USA', 'Nest Cam Outdoor Security Camera - USA'})"
0.11380880121396054,"frozenset({'Google 22 oz Water Bottle', 'Nest Learning Thermostat 3rd Gen-USA - White', 'Nest Protect Smoke + CO White Wired Alarm-USA', 'Nest Cam Outdoor Security Camera - USA'})"
0.1274658573596358,"frozenset({'Google 22 oz Water Bottle', 'Nest Protect Smoke + CO White Wired Alarm-USA', 'Nest Protect Smoke + CO White Battery Alarm-USA', 'Nest Cam Outdoor Security Camera - USA'})"
0.1274658573596358,"frozenset({'Google 22 oz Water Bottle', 'Nest Learning Thermostat 3rd Gen-USA - White', 'Nest Protect Smoke + CO White Battery Alarm-USA', 'Nest Learning Thermostat 3rd Gen-USA - Stainless Steel'})"
0.11836115326251896,"frozenset({'Google 22 oz Water Bottle', 'Nest Learning Thermostat 3rd Gen-USA - White', 'Nest Protect Smoke + CO White Wired Alarm-USA', 'Nest Learning Thermostat 3rd Gen-USA - Stainless Steel'})"
0.13657056145675264,"frozenset({'Google 22 oz Water Bottle', 'Nest Protect Smoke + CO White Wired Alarm-USA', 'Nest Protect Smoke + CO White Battery Alarm-USA', 'Nest Learning Thermostat 3rd Gen-USA - Stainless Steel'})"
0.10318664643399089,"frozenset({'Nest Learning Thermostat 3rd Gen-USA - Stainless Steel', 'Google Blackout Cap', 'Nest Cam Indoor Security Camera - USA', 'Nest Cam Outdoor Security Camera - USA'})"
0.11380880121396054,"frozenset({'Google Doodle Decal', 'Nest Cam Indoor Security Camera - USA', 'Nest Cam Outdoor Security Camera - USA', 'Google Laptop and Cell Phone Stickers'})"
0.11456752655538695,"frozenset({'Google Doodle Decal', 'Nest Cam Indoor Security Camera - USA', 'Nest Learning Thermostat 3rd Gen-USA - Stainless Steel', 'Google Laptop and Cell Phone Stickers'})"
0.11229135053110774,"frozenset({'Google Doodle Decal', 'Nest Learning Thermostat 3rd Gen-USA - Stainless Steel', 'Nest Cam Outdoor Security Camera - USA', 'Google Laptop and Cell Phone Stickers'})"
0.1426403641881639,"frozenset({'Google Doodle Decal', 'Nest Learning Thermostat 3rd Gen-USA - Stainless Steel', 'Nest Cam Indoor Security Camera - USA', 'Nest Cam Outdoor Security Camera - USA'})"
0.11001517450682853,"frozenset({'Google Doodle Decal', 'Nest Protect Smoke + CO White Battery Alarm-USA', 'Nest Cam Indoor Security Camera - USA', 'Nest Cam Outdoor Security Camera - USA'})"
0.10773899848254932,"frozenset({'Google Doodle Decal', 'Nest Protect Smoke + CO White Wired Alarm-USA', 'Nest Cam Indoor Security Camera - USA', 'Nest Cam Outdoor Security Camera - USA'})"
0.10925644916540213,"frozenset({'Google Doodle Decal', 'Nest Protect Smoke + CO White Battery Alarm-USA', 'Nest Cam Indoor Security Camera - USA', 'Nest Learning Thermostat 3rd Gen-USA - Stainless Steel'})"
0.10773899848254932,"frozenset({'Google Doodle Decal', 'Nest Protect Smoke + CO White Wired Alarm-USA', 'Nest Cam Indoor Security Camera - USA', 'Nest Learning Thermostat 3rd Gen-USA - Stainless Steel'})"
0.10698027314112292,"frozenset({'Google Doodle Decal', 'Nest Learning Thermostat 3rd Gen-USA - Stainless Steel', 'Nest Protect Smoke + CO White Battery Alarm-USA', 'Nest Cam Outdoor Security Camera - USA'})"
0.1047040971168437,"frozenset({'Nest Learning Thermostat 3rd Gen-USA - Stainless Steel', 'Google Doodle Decal', 'Nest Protect Smoke + CO White Wired Alarm-USA', 'Nest Cam Outdoor Security Camera - USA'})"
0.11305007587253414,"frozenset({'Nest Learning Thermostat 3rd Gen-USA - Stainless Steel', 'Google Kick Ball', 'Nest Cam Indoor Security Camera - USA', 'Nest Cam Outdoor Security Camera - USA'})"
0.12898330804248861,"frozenset({""Google Men's 100% Cotton Short Sleeve Hero Tee Black"", 'Nest Cam Indoor Security Camera - USA', 'Nest Cam Outdoor Security Camera - USA', 'Google Laptop and Cell Phone Stickers'})"
0.125948406676783,"frozenset({""Google Men's 100% Cotton Short Sleeve Hero Tee Black"", 'Nest Cam Indoor Security Camera - USA', 'Nest Learning Thermostat 3rd Gen-USA - Stainless Steel', 'Google Laptop and Cell Phone Stickers'})"
0.1039453717754173,"frozenset({""Google Men's 100% Cotton Short Sleeve Hero Tee Black"", 'Nest Protect Smoke + CO White Battery Alarm-USA', 'Nest Cam Indoor Security Camera - USA', 'Google Laptop and Cell Phone Stickers'})"
0.12291350531107739,"frozenset({""Google Men's 100% Cotton Short Sleeve Hero Tee Black"", 'Nest Learning Thermostat 3rd Gen-USA - Stainless Steel', 'Nest Cam Outdoor Security Camera - USA', 'Google Laptop and Cell Phone Stickers'})"
0.10166919575113809,"frozenset({""Google Men's 100% Cotton Short Sleeve Hero Tee Black"", 'Nest Protect Smoke + CO White Battery Alarm-USA', 'Nest Cam Outdoor Security Camera - USA', 'Google Laptop and Cell Phone Stickers'})"
0.10318664643399089,"frozenset({""Google Men's 100% Cotton Short Sleeve Hero Tee Black"", 'Nest Protect Smoke + CO White Battery Alarm-USA', 'Nest Learning Thermostat 3rd Gen-USA - Stainless Steel', 'Google Laptop and Cell Phone Stickers'})"
0.1054628224582701,"frozenset({""Google Men's 100% Cotton Short Sleeve Hero Tee White"", 'Nest Cam Indoor Security Camera - USA', 'Nest Cam Outdoor Security Camera - USA', 'Google Laptop and Cell Phone Stickers'})"
0.1062215477996965,"frozenset({""Google Men's 100% Cotton Short Sleeve Hero Tee White"", 'Nest Cam Indoor Security Camera - USA', 'Nest Learning Thermostat 3rd Gen-USA - Stainless Steel', 'Google Laptop and Cell Phone Stickers'})"
0.10318664643399089,"frozenset({'Nest Learning Thermostat 3rd Gen-USA - Stainless Steel', ""Google Men's 100% Cotton Short Sleeve Hero Tee White"", 'Nest Cam Outdoor Security Camera - USA', 'Google Laptop and Cell Phone Stickers'})"
0.10091047040971168,"frozenset({'Google Laptop and Cell Phone Stickers', 'Nest Cam Indoor Security Camera - USA', ""Google Men's Bike Short Sleeve Tee Charcoal"", 'Nest Cam Outdoor Security Camera - USA'})"
0.10015174506828528,"frozenset({'Nest Learning Thermostat 3rd Gen-USA - Stainless Steel', 'Nest Cam Indoor Security Camera - USA', ""Google Men's Bike Short Sleeve Tee Charcoal"", 'Google Laptop and Cell Phone Stickers'})"
0.10318664643399089,"frozenset({""Google Men's Vintage Badge Tee Black"", 'Nest Cam Indoor Security Camera - USA', 'Nest Learning Thermostat 3rd Gen-USA - Stainless Steel', 'Google Laptop and Cell Phone Stickers'})"
0.10166919575113809,"frozenset({'Google Metallic Notebook Set', 'Nest Cam Indoor Security Camera - USA', 'Nest Learning Thermostat 3rd Gen-USA - Stainless Steel', 'Google Laptop and Cell Phone Stickers'})"
0.10015174506828528,"frozenset({'Nest Learning Thermostat 3rd Gen-USA - Stainless Steel', 'Google Metallic Notebook Set', 'Nest Cam Outdoor Security Camera - USA', 'Google Laptop and Cell Phone Stickers'})"
0.16843702579666162,"frozenset({'Nest Cam Indoor Security Camera - USA', 'Google Sunglasses', 'Nest Cam Outdoor Security Camera - USA', 'Google Laptop and Cell Phone Stickers'})"
0.17374810318664644,"frozenset({'Nest Cam Indoor Security Camera - USA', 'Google Sunglasses', 'Nest Learning Thermostat 3rd Gen-USA - Stainless Steel', 'Google Laptop and Cell Phone Stickers'})"
0.1244309559939302,"frozenset({'Nest Learning Thermostat 3rd Gen-USA - White', 'Nest Cam Indoor Security Camera - USA', 'Google Sunglasses', 'Google Laptop and Cell Phone Stickers'})"
0.13960546282245828,"frozenset({'Nest Protect Smoke + CO White Battery Alarm-USA', 'Nest Cam Indoor Security Camera - USA', 'Google Sunglasses', 'Google Laptop and Cell Phone Stickers'})"
0.13429438543247343,"frozenset({'Nest Protect Smoke + CO White Wired Alarm-USA', 'Nest Cam Indoor Security Camera - USA', 'Google Sunglasses', 'Google Laptop and Cell Phone Stickers'})"
0.17147192716236723,"frozenset({'Nest Cam Outdoor Security Camera - USA', 'Google Sunglasses', 'Nest Learning Thermostat 3rd Gen-USA - Stainless Steel', 'Google Laptop and Cell Phone Stickers'})"
0.12215477996965099,"frozenset({'Nest Learning Thermostat 3rd Gen-USA - White', 'Google Sunglasses', 'Nest Cam Outdoor Security Camera - USA', 'Google Laptop and Cell Phone Stickers'})"
0.13960546282245828,"frozenset({'Nest Protect Smoke + CO White Battery Alarm-USA', 'Google Sunglasses', 'Nest Cam Outdoor Security Camera - USA', 'Google Laptop and Cell Phone Stickers'})"
0.13050075872534142,"frozenset({'Nest Protect Smoke + CO White Wired Alarm-USA', 'Google Sunglasses', 'Nest Cam Outdoor Security Camera - USA', 'Google Laptop and Cell Phone Stickers'})"
0.125948406676783,"frozenset({'Nest Learning Thermostat 3rd Gen-USA - White', 'Google Sunglasses', 'Nest Learning Thermostat 3rd Gen-USA - Stainless Steel', 'Google Laptop and Cell Phone Stickers'})"
0.1449165402124431,"frozenset({'Nest Protect Smoke + CO White Battery Alarm-USA', 'Google Sunglasses', 'Nest Learning Thermostat 3rd Gen-USA - Stainless Steel', 'Google Laptop and Cell Phone Stickers'})"
0.13505311077389984,"frozenset({'Nest Protect Smoke + CO White Wired Alarm-USA', 'Google Sunglasses', 'Nest Learning Thermostat 3rd Gen-USA - Stainless Steel', 'Google Laptop and Cell Phone Stickers'})"
0.1047040971168437,"frozenset({'Nest Learning Thermostat 3rd Gen-USA - White', 'Nest Protect Smoke + CO White Battery Alarm-USA', 'Google Sunglasses', 'Google Laptop and Cell Phone Stickers'})"
0.11153262518968134,"frozenset({'Nest Protect Smoke + CO White Wired Alarm-USA', 'Nest Protect Smoke + CO White Battery Alarm-USA', 'Google Sunglasses', 'Google Laptop and Cell Phone Stickers'})"
0.12139605462822459,"frozenset({'Google Twill Cap', 'Nest Cam Indoor Security Camera - USA', 'Nest Cam Outdoor Security Camera - USA', 'Google Laptop and Cell Phone Stickers'})"
0.125948406676783,"frozenset({'Google Twill Cap', 'Nest Cam Indoor Security Camera - USA', 'Nest Learning Thermostat 3rd Gen-USA - Stainless Steel', 'Google Laptop and Cell Phone Stickers'})"
0.10015174506828528,"frozenset({'Google Twill Cap', 'Nest Protect Smoke + CO White Battery Alarm-USA', 'Nest Cam Indoor Security Camera - USA', 'Google Laptop and Cell Phone Stickers'})"
0.12139605462822459,"frozenset({'Nest Learning Thermostat 3rd Gen-USA - Stainless Steel', 'Google Twill Cap', 'Nest Cam Outdoor Security Camera - USA', 'Google Laptop and Cell Phone Stickers'})"
0.10091047040971168,"frozenset({'Google Twill Cap', 'Nest Protect Smoke + CO White Battery Alarm-USA', 'Nest Cam Outdoor Security Camera - USA', 'Google Laptop and Cell Phone Stickers'})"
0.10318664643399089,"frozenset({'Google Twill Cap', 'Nest Protect Smoke + CO White Battery Alarm-USA', 'Nest Learning Thermostat 3rd Gen-USA - Stainless Steel', 'Google Laptop and Cell Phone Stickers'})"
0.10166919575113809,"frozenset({'Maze Pen', 'Nest Cam Indoor Security Camera - USA', 'Nest Cam Outdoor Security Camera - USA', 'Google Laptop and Cell Phone Stickers'})"
0.1039453717754173,"frozenset({'Maze Pen', 'Nest Cam Indoor Security Camera - USA', 'Nest Learning Thermostat 3rd Gen-USA - Stainless Steel', 'Google Laptop and Cell Phone Stickers'})"
0.10015174506828528,"frozenset({'Nest Learning Thermostat 3rd Gen-USA - Stainless Steel', 'Maze Pen', 'Nest Cam Outdoor Security Camera - USA', 'Google Laptop and Cell Phone Stickers'})"
0.11001517450682853,"frozenset({'Nest Cam IQ - USA', 'Nest Cam Indoor Security Camera - USA', 'Nest Cam Outdoor Security Camera - USA', 'Google Laptop and Cell Phone Stickers'})"
0.11456752655538695,"frozenset({'Nest Cam IQ - USA', 'Nest Cam Indoor Security Camera - USA', 'Nest Learning Thermostat 3rd Gen-USA - Stainless Steel', 'Google Laptop and Cell Phone Stickers'})"
0.11077389984825493,"frozenset({'Nest Learning Thermostat 3rd Gen-USA - Stainless Steel', 'Nest Cam IQ - USA', 'Nest Cam Outdoor Security Camera - USA', 'Google Laptop and Cell Phone Stickers'})"
0.25872534142640363,"frozenset({'Nest Learning Thermostat 3rd Gen-USA - Stainless Steel', 'Nest Cam Indoor Security Camera - USA', 'Nest Cam Outdoor Security Camera - USA', 'Google Laptop and Cell Phone Stickers'})"
0.16995447647951442,"frozenset({'Nest Learning Thermostat 3rd Gen-USA - White', 'Nest Cam Indoor Security Camera - USA', 'Nest Cam Outdoor Security Camera - USA', 'Google Laptop and Cell Phone Stickers'})"
0.20106221547799696,"frozenset({'Nest Protect Smoke + CO White Battery Alarm-USA', 'Nest Cam Indoor Security Camera - USA', 'Nest Cam Outdoor Security Camera - USA', 'Google Laptop and Cell Phone Stickers'})"
0.18740515933232169,"frozenset({'Nest Protect Smoke + CO White Wired Alarm-USA', 'Nest Cam Indoor Security Camera - USA', 'Nest Cam Outdoor Security Camera - USA', 'Google Laptop and Cell Phone Stickers'})"
0.10091047040971168,"frozenset({'Nest Thermostat E - USA', 'Nest Cam Indoor Security Camera - USA', 'Nest Cam Outdoor Security Camera - USA', 'Google Laptop and Cell Phone Stickers'})"
0.1062215477996965,"frozenset({'Sport Bag', 'Nest Cam Indoor Security Camera - USA', 'Nest Cam Outdoor Security Camera - USA', 'Google Laptop and Cell Phone Stickers'})"
0.10091047040971168,"frozenset({'Windup Android', 'Nest Cam Indoor Security Camera - USA', 'Nest Cam Outdoor Security Camera - USA', 'Google Laptop and Cell Phone Stickers'})"
0.12898330804248861,"frozenset({'Nest Cam Indoor Security Camera - USA', 'YouTube Custom Decals', 'Nest Cam Outdoor Security Camera - USA', 'Google Laptop and Cell Phone Stickers'})"
0.17223065250379363,"frozenset({'Nest Learning Thermostat 3rd Gen-USA - White', 'Nest Cam Indoor Security Camera - USA', 'Nest Learning Thermostat 3rd Gen-USA - Stainless Steel', 'Google Laptop and Cell Phone Stickers'})"
0.20106221547799696,"frozenset({'Nest Protect Smoke + CO White Battery Alarm-USA', 'Nest Cam Indoor Security Camera - USA', 'Nest Learning Thermostat 3rd Gen-USA - Stainless Steel', 'Google Laptop and Cell Phone Stickers'})"
0.19119878603945373,"frozenset({'Nest Protect Smoke + CO White Wired Alarm-USA', 'Nest Cam Indoor Security Camera - USA', 'Nest Learning Thermostat 3rd Gen-USA - Stainless Steel', 'Google Laptop and Cell Phone Stickers'})"
0.1054628224582701,"frozenset({'Nest Thermostat E - USA', 'Nest Cam Indoor Security Camera - USA', 'Nest Learning Thermostat 3rd Gen-USA - Stainless Steel', 'Google Laptop and Cell Phone Stickers'})"
0.10849772382397573,"frozenset({'Sport Bag', 'Nest Cam Indoor Security Camera - USA', 'Nest Learning Thermostat 3rd Gen-USA - Stainless Steel', 'Google Laptop and Cell Phone Stickers'})"
0.1047040971168437,"frozenset({'Windup Android', 'Nest Cam Indoor Security Camera - USA', 'Nest Learning Thermostat 3rd Gen-USA - Stainless Steel', 'Google Laptop and Cell Phone Stickers'})"
0.1282245827010622,"frozenset({'Nest Cam Indoor Security Camera - USA', 'YouTube Custom Decals', 'Nest Learning Thermostat 3rd Gen-USA - Stainless Steel', 'Google Laptop and Cell Phone Stickers'})"
0.13960546282245828,"frozenset({'Nest Learning Thermostat 3rd Gen-USA - White', 'Nest Protect Smoke + CO White Battery Alarm-USA', 'Nest Cam Indoor Security Camera - USA', 'Google Laptop and Cell Phone Stickers'})"
0.1267071320182094,"frozenset({'Nest Learning Thermostat 3rd Gen-USA - White', 'Nest Protect Smoke + CO White Wired Alarm-USA', 'Nest Cam Indoor Security Camera - USA', 'Google Laptop and Cell Phone Stickers'})"
0.15326251896813353,"frozenset({'Nest Protect Smoke + CO White Wired Alarm-USA', 'Nest Protect Smoke + CO White Battery Alarm-USA', 'Nest Cam Indoor Security Camera - USA', 'Google Laptop and Cell Phone Stickers'})"
0.1062215477996965,"frozenset({'Nest Protect Smoke + CO White Battery Alarm-USA', 'Nest Cam Indoor Security Camera - USA', 'YouTube Custom Decals', 'Google Laptop and Cell Phone Stickers'})"
0.10166919575113809,"frozenset({'Nest Protect Smoke + CO White Wired Alarm-USA', 'Nest Cam Indoor Security Camera - USA', 'YouTube Custom Decals', 'Google Laptop and Cell Phone Stickers'})"
0.1676783004552352,"frozenset({'Nest Learning Thermostat 3rd Gen-USA - White', 'Nest Learning Thermostat 3rd Gen-USA - Stainless Steel', 'Nest Cam Outdoor Security Camera - USA', 'Google Laptop and Cell Phone Stickers'})"
0.20182094081942337,"frozenset({'Nest Learning Thermostat 3rd Gen-USA - Stainless Steel', 'Nest Protect Smoke + CO White Battery Alarm-USA', 'Nest Cam Outdoor Security Camera - USA', 'Google Laptop and Cell Phone Stickers'})"
0.18664643399089528,"frozenset({'Nest Learning Thermostat 3rd Gen-USA - Stainless Steel', 'Nest Protect Smoke + CO White Wired Alarm-USA', 'Nest Cam Outdoor Security Camera - USA', 'Google Laptop and Cell Phone Stickers'})"
0.10166919575113809,"frozenset({'Nest Learning Thermostat 3rd Gen-USA - Stainless Steel', 'Nest Thermostat E - USA', 'Nest Cam Outdoor Security Camera - USA', 'Google Laptop and Cell Phone Stickers'})"
0.11001517450682853,"frozenset({'Sport Bag', 'Nest Learning Thermostat 3rd Gen-USA - Stainless Steel', 'Nest Cam Outdoor Security Camera - USA', 'Google Laptop and Cell Phone Stickers'})"
0.10166919575113809,"frozenset({'Nest Learning Thermostat 3rd Gen-USA - Stainless Steel', 'Windup Android', 'Nest Cam Outdoor Security Camera - USA', 'Google Laptop and Cell Phone Stickers'})"
0.125948406676783,"frozenset({'Nest Learning Thermostat 3rd Gen-USA - Stainless Steel', 'YouTube Custom Decals', 'Nest Cam Outdoor Security Camera - USA', 'Google Laptop and Cell Phone Stickers'})"
0.13808801213960548,"frozenset({'Nest Learning Thermostat 3rd Gen-USA - White', 'Nest Protect Smoke + CO White Battery Alarm-USA', 'Nest Cam Outdoor Security Camera - USA', 'Google Laptop and Cell Phone Stickers'})"
0.12139605462822459,"frozenset({'Nest Learning Thermostat 3rd Gen-USA - White', 'Nest Protect Smoke + CO White Wired Alarm-USA', 'Nest Cam Outdoor Security Camera - USA', 'Google Laptop and Cell Phone Stickers'})"
0.15022761760242792,"frozenset({'Nest Protect Smoke + CO White Wired Alarm-USA', 'Nest Protect Smoke + CO White Battery Alarm-USA', 'Nest Cam Outdoor Security Camera - USA', 'Google Laptop and Cell Phone Stickers'})"
0.10698027314112292,"frozenset({'Nest Protect Smoke + CO White Battery Alarm-USA', 'YouTube Custom Decals', 'Nest Cam Outdoor Security Camera - USA', 'Google Laptop and Cell Phone Stickers'})"
0.13960546282245828,"frozenset({'Nest Learning Thermostat 3rd Gen-USA - White', 'Nest Protect Smoke + CO White Battery Alarm-USA', 'Nest Learning Thermostat 3rd Gen-USA - Stainless Steel', 'Google Laptop and Cell Phone Stickers'})"
0.1244309559939302,"frozenset({'Nest Learning Thermostat 3rd Gen-USA - White', 'Nest Protect Smoke + CO White Wired Alarm-USA', 'Nest Learning Thermostat 3rd Gen-USA - Stainless Steel', 'Google Laptop and Cell Phone Stickers'})"
0.15250379362670713,"frozenset({'Nest Protect Smoke + CO White Wired Alarm-USA', 'Nest Protect Smoke + CO White Battery Alarm-USA', 'Nest Learning Thermostat 3rd Gen-USA - Stainless Steel', 'Google Laptop and Cell Phone Stickers'})"
0.11077389984825493,"frozenset({'Nest Protect Smoke + CO White Battery Alarm-USA', 'YouTube Custom Decals', 'Nest Learning Thermostat 3rd Gen-USA - Stainless Steel', 'Google Laptop and Cell Phone Stickers'})"
0.1054628224582701,"frozenset({'Nest Learning Thermostat 3rd Gen-USA - White', 'Nest Protect Smoke + CO White Wired Alarm-USA', 'Nest Protect Smoke + CO White Battery Alarm-USA', 'Google Laptop and Cell Phone Stickers'})"
0.13277693474962063,"frozenset({'Nest Learning Thermostat 3rd Gen-USA - Stainless Steel', ""Google Men's  Zip Hoodie"", 'Nest Cam Indoor Security Camera - USA', 'Nest Cam Outdoor Security Camera - USA'})"
0.10773899848254932,"frozenset({'Nest Protect Smoke + CO White Battery Alarm-USA', ""Google Men's  Zip Hoodie"", 'Nest Cam Indoor Security Camera - USA', 'Nest Cam Outdoor Security Camera - USA'})"
0.10773899848254932,"frozenset({'Nest Learning Thermostat 3rd Gen-USA - Stainless Steel', 'Nest Protect Smoke + CO White Battery Alarm-USA', 'Nest Cam Indoor Security Camera - USA', ""Google Men's  Zip Hoodie""})"
0.11001517450682853,"frozenset({'Nest Learning Thermostat 3rd Gen-USA - Stainless Steel', ""Google Men's  Zip Hoodie"", 'Nest Protect Smoke + CO White Battery Alarm-USA', 'Nest Cam Outdoor Security Camera - USA'})"
0.10242792109256449,"frozenset({""Google Men's 100% Cotton Short Sleeve Hero Tee Black"", ""Google Men's 100% Cotton Short Sleeve Hero Tee White"", 'Nest Cam Indoor Security Camera - USA', 'Nest Cam Outdoor Security Camera - USA'})"
0.12139605462822459,"frozenset({""Google Men's 100% Cotton Short Sleeve Hero Tee Black"", 'Nest Cam Indoor Security Camera - USA', 'Google Sunglasses', 'Nest Cam Outdoor Security Camera - USA'})"
0.12063732928679818,"frozenset({""Google Men's 100% Cotton Short Sleeve Hero Tee Black"", 'Nest Cam Indoor Security Camera - USA', 'Google Sunglasses', 'Nest Learning Thermostat 3rd Gen-USA - Stainless Steel'})"
0.10849772382397573,"frozenset({""Google Men's 100% Cotton Short Sleeve Hero Tee Black"", 'Nest Protect Smoke + CO White Battery Alarm-USA', 'Nest Cam Indoor Security Camera - USA', 'Google Sunglasses'})"
0.12139605462822459,"frozenset({""Google Men's 100% Cotton Short Sleeve Hero Tee Black"", 'Google Sunglasses', 'Nest Learning Thermostat 3rd Gen-USA - Stainless Steel', 'Nest Cam Outdoor Security Camera - USA'})"
0.1054628224582701,"frozenset({""Google Men's 100% Cotton Short Sleeve Hero Tee Black"", 'Nest Protect Smoke + CO White Battery Alarm-USA', 'Google Sunglasses', 'Nest Cam Outdoor Security Camera - USA'})"
0.10849772382397573,"frozenset({""Google Men's 100% Cotton Short Sleeve Hero Tee Black"", 'Nest Protect Smoke + CO White Battery Alarm-USA', 'Google Sunglasses', 'Nest Learning Thermostat 3rd Gen-USA - Stainless Steel'})"
0.18512898330804248,"frozenset({""Google Men's 100% Cotton Short Sleeve Hero Tee Black"", 'Nest Learning Thermostat 3rd Gen-USA - Stainless Steel', 'Nest Cam Indoor Security Camera - USA', 'Nest Cam Outdoor Security Camera - USA'})"
0.125948406676783,"frozenset({'Nest Learning Thermostat 3rd Gen-USA - White', ""Google Men's 100% Cotton Short Sleeve Hero Tee Black"", 'Nest Cam Indoor Security Camera - USA', 'Nest Cam Outdoor Security Camera - USA'})"
0.15402124430955993,"frozenset({""Google Men's 100% Cotton Short Sleeve Hero Tee Black"", 'Nest Protect Smoke + CO White Battery Alarm-USA', 'Nest Cam Indoor Security Camera - USA', 'Nest Cam Outdoor Security Camera - USA'})"
0.14036418816388468,"frozenset({""Google Men's 100% Cotton Short Sleeve Hero Tee Black"", 'Nest Protect Smoke + CO White Wired Alarm-USA', 'Nest Cam Indoor Security Camera - USA', 'Nest Cam Outdoor Security Camera - USA'})"
0.1251896813353566,"frozenset({'Nest Learning Thermostat 3rd Gen-USA - White', ""Google Men's 100% Cotton Short Sleeve Hero Tee Black"", 'Nest Cam Indoor Security Camera - USA', 'Nest Learning Thermostat 3rd Gen-USA - Stainless Steel'})"
0.15022761760242792,"frozenset({""Google Men's 100% Cotton Short Sleeve Hero Tee Black"", 'Nest Protect Smoke + CO White Battery Alarm-USA', 'Nest Cam Indoor Security Camera - USA', 'Nest Learning Thermostat 3rd Gen-USA - Stainless Steel'})"
0.13732928679817905,"frozenset({""Google Men's 100% Cotton Short Sleeve Hero Tee Black"", 'Nest Protect Smoke + CO White Wired Alarm-USA', 'Nest Cam Indoor Security Camera - USA', 'Nest Learning Thermostat 3rd Gen-USA - Stainless Steel'})"
0.1062215477996965,"frozenset({'Nest Learning Thermostat 3rd Gen-USA - White', ""Google Men's 100% Cotton Short Sleeve Hero Tee Black"", 'Nest Protect Smoke + CO White Battery Alarm-USA', 'Nest Cam Indoor Security Camera - USA'})"
0.11608497723823975,"frozenset({""Google Men's 100% Cotton Short Sleeve Hero Tee Black"", 'Nest Protect Smoke + CO White Wired Alarm-USA', 'Nest Protect Smoke + CO White Battery Alarm-USA', 'Nest Cam Indoor Security Camera - USA'})"
0.12291350531107739,"frozenset({'Nest Learning Thermostat 3rd Gen-USA - White', ""Google Men's 100% Cotton Short Sleeve Hero Tee Black"", 'Nest Learning Thermostat 3rd Gen-USA - Stainless Steel', 'Nest Cam Outdoor Security Camera - USA'})"
0.14946889226100152,"frozenset({""Google Men's 100% Cotton Short Sleeve Hero Tee Black"", 'Nest Learning Thermostat 3rd Gen-USA - Stainless Steel', 'Nest Protect Smoke + CO White Battery Alarm-USA', 'Nest Cam Outdoor Security Camera - USA'})"
0.13581183611532624,"frozenset({'Nest Learning Thermostat 3rd Gen-USA - Stainless Steel', ""Google Men's 100% Cotton Short Sleeve Hero Tee Black"", 'Nest Protect Smoke + CO White Wired Alarm-USA', 'Nest Cam Outdoor Security Camera - USA'})"
0.1054628224582701,"frozenset({'Nest Learning Thermostat 3rd Gen-USA - White', ""Google Men's 100% Cotton Short Sleeve Hero Tee Black"", 'Nest Protect Smoke + CO White Battery Alarm-USA', 'Nest Cam Outdoor Security Camera - USA'})"
0.11229135053110774,"frozenset({""Google Men's 100% Cotton Short Sleeve Hero Tee Black"", 'Nest Protect Smoke + CO White Wired Alarm-USA', 'Nest Protect Smoke + CO White Battery Alarm-USA', 'Nest Cam Outdoor Security Camera - USA'})"
0.1054628224582701,"frozenset({'Nest Learning Thermostat 3rd Gen-USA - White', ""Google Men's 100% Cotton Short Sleeve Hero Tee Black"", 'Nest Protect Smoke + CO White Battery Alarm-USA', 'Nest Learning Thermostat 3rd Gen-USA - Stainless Steel'})"
0.11229135053110774,"frozenset({""Google Men's 100% Cotton Short Sleeve Hero Tee Black"", 'Nest Protect Smoke + CO White Wired Alarm-USA', 'Nest Protect Smoke + CO White Battery Alarm-USA', 'Nest Learning Thermostat 3rd Gen-USA - Stainless Steel'})"
0.13657056145675264,"frozenset({'Nest Cam Indoor Security Camera - USA', ""Google Men's 100% Cotton Short Sleeve Hero Tee Navy"", 'Nest Learning Thermostat 3rd Gen-USA - Stainless Steel', 'Nest Cam Outdoor Security Camera - USA'})"
0.1062215477996965,"frozenset({'Nest Protect Smoke + CO White Battery Alarm-USA', 'Nest Cam Indoor Security Camera - USA', ""Google Men's 100% Cotton Short Sleeve Hero Tee Navy"", 'Nest Cam Outdoor Security Camera - USA'})"
0.11229135053110774,"frozenset({'Nest Protect Smoke + CO White Wired Alarm-USA', 'Nest Cam Indoor Security Camera - USA', ""Google Men's 100% Cotton Short Sleeve Hero Tee Navy"", 'Nest Cam Outdoor Security Camera - USA'})"
0.1047040971168437,"frozenset({'Nest Protect Smoke + CO White Battery Alarm-USA', 'Nest Cam Indoor Security Camera - USA', ""Google Men's 100% Cotton Short Sleeve Hero Tee Navy"", 'Nest Learning Thermostat 3rd Gen-USA - Stainless Steel'})"
0.11153262518968134,"frozenset({'Nest Protect Smoke + CO White Wired Alarm-USA', 'Nest Cam Indoor Security Camera - USA', ""Google Men's 100% Cotton Short Sleeve Hero Tee Navy"", 'Nest Learning Thermostat 3rd Gen-USA - Stainless Steel'})"
0.1047040971168437,"frozenset({'Nest Protect Smoke + CO White Battery Alarm-USA', ""Google Men's 100% Cotton Short Sleeve Hero Tee Navy"", 'Nest Learning Thermostat 3rd Gen-USA - Stainless Steel', 'Nest Cam Outdoor Security Camera - USA'})"
0.11001517450682853,"frozenset({'Nest Protect Smoke + CO White Wired Alarm-USA', ""Google Men's 100% Cotton Short Sleeve Hero Tee Navy"", 'Nest Learning Thermostat 3rd Gen-USA - Stainless Steel', 'Nest Cam Outdoor Security Camera - USA'})"
0.11001517450682853,"frozenset({'Nest Learning Thermostat 3rd Gen-USA - Stainless Steel', 'Nest Cam Indoor Security Camera - USA', 'Nest Cam Outdoor Security Camera - USA', ""Google Men's 100% Cotton Short Sleeve Hero Tee Red""})"
0.10698027314112292,"frozenset({""Google Men's 100% Cotton Short Sleeve Hero Tee White"", 'Nest Cam Indoor Security Camera - USA', 'Google Sunglasses', 'Nest Cam Outdoor Security Camera - USA'})"
0.10318664643399089,"frozenset({""Google Men's 100% Cotton Short Sleeve Hero Tee White"", 'Nest Cam Indoor Security Camera - USA', 'Google Sunglasses', 'Nest Learning Thermostat 3rd Gen-USA - Stainless Steel'})"
0.1047040971168437,"frozenset({""Google Men's 100% Cotton Short Sleeve Hero Tee White"", 'Google Sunglasses', 'Nest Learning Thermostat 3rd Gen-USA - Stainless Steel', 'Nest Cam Outdoor Security Camera - USA'})"
0.1661608497723824,"frozenset({'Nest Learning Thermostat 3rd Gen-USA - Stainless Steel', ""Google Men's 100% Cotton Short Sleeve Hero Tee White"", 'Nest Cam Indoor Security Camera - USA', 'Nest Cam Outdoor Security Camera - USA'})"
0.1047040971168437,"frozenset({'Nest Learning Thermostat 3rd Gen-USA - White', ""Google Men's 100% Cotton Short Sleeve Hero Tee White"", 'Nest Cam Indoor Security Camera - USA', 'Nest Cam Outdoor Security Camera - USA'})"
0.12974203338391502,"frozenset({""Google Men's 100% Cotton Short Sleeve Hero Tee White"", 'Nest Protect Smoke + CO White Battery Alarm-USA', 'Nest Cam Indoor Security Camera - USA', 'Nest Cam Outdoor Security Camera - USA'})"
0.11911987860394538,"frozenset({'Nest Protect Smoke + CO White Wired Alarm-USA', ""Google Men's 100% Cotton Short Sleeve Hero Tee White"", 'Nest Cam Indoor Security Camera - USA', 'Nest Cam Outdoor Security Camera - USA'})"
0.10318664643399089,"frozenset({'Nest Learning Thermostat 3rd Gen-USA - White', ""Google Men's 100% Cotton Short Sleeve Hero Tee White"", 'Nest Cam Indoor Security Camera - USA', 'Nest Learning Thermostat 3rd Gen-USA - Stainless Steel'})"
0.1274658573596358,"frozenset({""Google Men's 100% Cotton Short Sleeve Hero Tee White"", 'Nest Protect Smoke + CO White Battery Alarm-USA', 'Nest Cam Indoor Security Camera - USA', 'Nest Learning Thermostat 3rd Gen-USA - Stainless Steel'})"
0.11836115326251896,"frozenset({'Nest Protect Smoke + CO White Wired Alarm-USA', ""Google Men's 100% Cotton Short Sleeve Hero Tee White"", 'Nest Cam Indoor Security Camera - USA', 'Nest Learning Thermostat 3rd Gen-USA - Stainless Steel'})"
0.10242792109256449,"frozenset({'Nest Learning Thermostat 3rd Gen-USA - White', 'Nest Learning Thermostat 3rd Gen-USA - Stainless Steel', ""Google Men's 100% Cotton Short Sleeve Hero Tee White"", 'Nest Cam Outdoor Security Camera - USA'})"
0.125948406676783,"frozenset({'Nest Learning Thermostat 3rd Gen-USA - Stainless Steel', 'Nest Protect Smoke + CO White Battery Alarm-USA', ""Google Men's 100% Cotton Short Sleeve Hero Tee White"", 'Nest Cam Outdoor Security Camera - USA'})"
0.11684370257966616,"frozenset({'Nest Learning Thermostat 3rd Gen-USA - Stainless Steel', 'Nest Protect Smoke + CO White Wired Alarm-USA', ""Google Men's 100% Cotton Short Sleeve Hero Tee White"", 'Nest Cam Outdoor Security Camera - USA'})"
0.10091047040971168,"frozenset({'Nest Cam Indoor Security Camera - USA', 'Google Sunglasses', ""Google Men's Bike Short Sleeve Tee Charcoal"", 'Nest Cam Outdoor Security Camera - USA'})"
0.10166919575113809,"frozenset({'Nest Learning Thermostat 3rd Gen-USA - Stainless Steel', 'Nest Cam Indoor Security Camera - USA', 'Google Sunglasses', ""Google Men's Bike Short Sleeve Tee Charcoal""})"
0.10015174506828528,"frozenset({'Nest Learning Thermostat 3rd Gen-USA - Stainless Steel', 'Google Sunglasses', ""Google Men's Bike Short Sleeve Tee Charcoal"", 'Nest Cam Outdoor Security Camera - USA'})"
0.15402124430955993,"frozenset({'Nest Learning Thermostat 3rd Gen-USA - Stainless Steel', 'Nest Cam Indoor Security Camera - USA', ""Google Men's Bike Short Sleeve Tee Charcoal"", 'Nest Cam Outdoor Security Camera - USA'})"
0.12139605462822459,"frozenset({'Nest Protect Smoke + CO White Battery Alarm-USA', 'Nest Cam Indoor Security Camera - USA', ""Google Men's Bike Short Sleeve Tee Charcoal"", 'Nest Cam Outdoor Security Camera - USA'})"
0.11077389984825493,"frozenset({'Nest Protect Smoke + CO White Wired Alarm-USA', 'Nest Cam Indoor Security Camera - USA', ""Google Men's Bike Short Sleeve Tee Charcoal"", 'Nest Cam Outdoor Security Camera - USA'})"
0.12215477996965099,"frozenset({'Nest Learning Thermostat 3rd Gen-USA - Stainless Steel', 'Nest Protect Smoke + CO White Battery Alarm-USA', 'Nest Cam Indoor Security Camera - USA', ""Google Men's Bike Short Sleeve Tee Charcoal""})"
0.11380880121396054,"frozenset({'Nest Learning Thermostat 3rd Gen-USA - Stainless Steel', 'Nest Protect Smoke + CO White Wired Alarm-USA', 'Nest Cam Indoor Security Camera - USA', ""Google Men's Bike Short Sleeve Tee Charcoal""})"
0.12291350531107739,"frozenset({'Nest Learning Thermostat 3rd Gen-USA - Stainless Steel', 'Nest Protect Smoke + CO White Battery Alarm-USA', ""Google Men's Bike Short Sleeve Tee Charcoal"", 'Nest Cam Outdoor Security Camera - USA'})"
0.11380880121396054,"frozenset({'Nest Learning Thermostat 3rd Gen-USA - Stainless Steel', 'Nest Protect Smoke + CO White Wired Alarm-USA', ""Google Men's Bike Short Sleeve Tee Charcoal"", 'Nest Cam Outdoor Security Camera - USA'})"
0.10242792109256449,"frozenset({""Google Men's Vintage Badge Tee Black"", 'Nest Cam Indoor Security Camera - USA', 'Google Sunglasses', 'Nest Learning Thermostat 3rd Gen-USA - Stainless Steel'})"
0.10015174506828528,"frozenset({""Google Men's Vintage Badge Tee Black"", 'Google Sunglasses', 'Nest Learning Thermostat 3rd Gen-USA - Stainless Steel', 'Nest Cam Outdoor Security Camera - USA'})"
0.15933232169954475,"frozenset({""Google Men's Vintage Badge Tee Black"", 'Nest Learning Thermostat 3rd Gen-USA - Stainless Steel', 'Nest Cam Indoor Security Camera - USA', 'Nest Cam Outdoor Security Camera - USA'})"
0.11760242792109256,"frozenset({'Nest Learning Thermostat 3rd Gen-USA - White', ""Google Men's Vintage Badge Tee Black"", 'Nest Cam Indoor Security Camera - USA', 'Nest Cam Outdoor Security Camera - USA'})"
0.12215477996965099,"frozenset({""Google Men's Vintage Badge Tee Black"", 'Nest Protect Smoke + CO White Battery Alarm-USA', 'Nest Cam Indoor Security Camera - USA', 'Nest Cam Outdoor Security Camera - USA'})"
0.11532625189681335,"frozenset({""Google Men's Vintage Badge Tee Black"", 'Nest Protect Smoke + CO White Wired Alarm-USA', 'Nest Cam Indoor Security Camera - USA', 'Nest Cam Outdoor Security Camera - USA'})"
0.12063732928679818,"frozenset({'Nest Learning Thermostat 3rd Gen-USA - White', ""Google Men's Vintage Badge Tee Black"", 'Nest Cam Indoor Security Camera - USA', 'Nest Learning Thermostat 3rd Gen-USA - Stainless Steel'})"
0.1244309559939302,"frozenset({""Google Men's Vintage Badge Tee Black"", 'Nest Protect Smoke + CO White Battery Alarm-USA', 'Nest Cam Indoor Security Camera - USA', 'Nest Learning Thermostat 3rd Gen-USA - Stainless Steel'})"
0.11911987860394538,"frozenset({""Google Men's Vintage Badge Tee Black"", 'Nest Protect Smoke + CO White Wired Alarm-USA', 'Nest Cam Indoor Security Camera - USA', 'Nest Learning Thermostat 3rd Gen-USA - Stainless Steel'})"
0.10015174506828528,"frozenset({'Nest Learning Thermostat 3rd Gen-USA - White', ""Google Men's Vintage Badge Tee Black"", 'Nest Protect Smoke + CO White Battery Alarm-USA', 'Nest Cam Indoor Security Camera - USA'})"
0.11608497723823975,"frozenset({'Nest Learning Thermostat 3rd Gen-USA - White', ""Google Men's Vintage Badge Tee Black"", 'Nest Learning Thermostat 3rd Gen-USA - Stainless Steel', 'Nest Cam Outdoor Security Camera - USA'})"
0.11987860394537178,"frozenset({""Google Men's Vintage Badge Tee Black"", 'Nest Learning Thermostat 3rd Gen-USA - Stainless Steel', 'Nest Protect Smoke + CO White Battery Alarm-USA', 'Nest Cam Outdoor Security Camera - USA'})"
0.11608497723823975,"frozenset({'Nest Learning Thermostat 3rd Gen-USA - Stainless Steel', ""Google Men's Vintage Badge Tee Black"", 'Nest Protect Smoke + CO White Wired Alarm-USA', 'Nest Cam Outdoor Security Camera - USA'})"
0.11532625189681335,"frozenset({'Nest Learning Thermostat 3rd Gen-USA - Stainless Steel', 'Nest Cam Indoor Security Camera - USA', 'Nest Cam Outdoor Security Camera - USA', ""Google Men's Vintage Badge Tee Sage""})"
0.1471927162367223,"frozenset({'Nest Learning Thermostat 3rd Gen-USA - Stainless Steel', 'Google Metallic Notebook Set', 'Nest Cam Indoor Security Camera - USA', 'Nest Cam Outdoor Security Camera - USA'})"
0.12215477996965099,"frozenset({'Google Metallic Notebook Set', 'Nest Protect Smoke + CO White Battery Alarm-USA', 'Nest Cam Indoor Security Camera - USA', 'Nest Cam Outdoor Security Camera - USA'})"
0.10698027314112292,"frozenset({'Nest Protect Smoke + CO White Wired Alarm-USA', 'Nest Cam Indoor Security Camera - USA', 'Google Metallic Notebook Set', 'Nest Cam Outdoor Security Camera - USA'})"
0.11987860394537178,"frozenset({'Google Metallic Notebook Set', 'Nest Protect Smoke + CO White Battery Alarm-USA', 'Nest Cam Indoor Security Camera - USA', 'Nest Learning Thermostat 3rd Gen-USA - Stainless Steel'})"
0.11001517450682853,"frozenset({'Nest Protect Smoke + CO White Wired Alarm-USA', 'Nest Cam Indoor Security Camera - USA', 'Google Metallic Notebook Set', 'Nest Learning Thermostat 3rd Gen-USA - Stainless Steel'})"
0.12063732928679818,"frozenset({'Nest Learning Thermostat 3rd Gen-USA - Stainless Steel', 'Google Metallic Notebook Set', 'Nest Protect Smoke + CO White Battery Alarm-USA', 'Nest Cam Outdoor Security Camera - USA'})"
0.1062215477996965,"frozenset({'Nest Learning Thermostat 3rd Gen-USA - Stainless Steel', 'Nest Protect Smoke + CO White Wired Alarm-USA', 'Google Metallic Notebook Set', 'Nest Cam Outdoor Security Camera - USA'})"
0.125948406676783,"frozenset({'Google Twill Cap', 'Nest Cam Indoor Security Camera - USA', 'Google Sunglasses', 'Nest Cam Outdoor Security Camera - USA'})"
0.1274658573596358,"frozenset({'Google Twill Cap', 'Nest Cam Indoor Security Camera - USA', 'Google Sunglasses', 'Nest Learning Thermostat 3rd Gen-USA - Stainless Steel'})"
0.1047040971168437,"frozenset({'Google Twill Cap', 'Nest Protect Smoke + CO White Battery Alarm-USA', 'Nest Cam Indoor Security Camera - USA', 'Google Sunglasses'})"
0.10166919575113809,"frozenset({'Google Twill Cap', 'Nest Protect Smoke + CO White Wired Alarm-USA', 'Nest Cam Indoor Security Camera - USA', 'Google Sunglasses'})"
0.125948406676783,"frozenset({'Google Twill Cap', 'Google Sunglasses', 'Nest Learning Thermostat 3rd Gen-USA - Stainless Steel', 'Nest Cam Outdoor Security Camera - USA'})"
0.1039453717754173,"frozenset({'Google Twill Cap', 'Nest Protect Smoke + CO White Battery Alarm-USA', 'Google Sunglasses', 'Nest Cam Outdoor Security Camera - USA'})"
0.1054628224582701,"frozenset({'Google Twill Cap', 'Nest Protect Smoke + CO White Battery Alarm-USA', 'Google Sunglasses', 'Nest Learning Thermostat 3rd Gen-USA - Stainless Steel'})"
0.10925644916540213,"frozenset({'Nest Cam IQ - USA', 'Nest Cam Indoor Security Camera - USA', 'Google Sunglasses', 'Nest Cam Outdoor Security Camera - USA'})"
0.11153262518968134,"frozenset({'Nest Cam IQ - USA', 'Nest Cam Indoor Security Camera - USA', 'Google Sunglasses', 'Nest Learning Thermostat 3rd Gen-USA - Stainless Steel'})"
0.11001517450682853,"frozenset({'Nest Cam IQ - USA', 'Google Sunglasses', 'Nest Learning Thermostat 3rd Gen-USA - Stainless Steel', 'Nest Cam Outdoor Security Camera - USA'})"
0.2541729893778452,"frozenset({'Nest Cam Indoor Security Camera - USA', 'Google Sunglasses', 'Nest Learning Thermostat 3rd Gen-USA - Stainless Steel', 'Nest Cam Outdoor Security Camera - USA'})"
0.17526555386949924,"frozenset({'Nest Learning Thermostat 3rd Gen-USA - White', 'Nest Cam Indoor Security Camera - USA', 'Google Sunglasses', 'Nest Cam Outdoor Security Camera - USA'})"
0.20030349013657056,"frozenset({'Nest Protect Smoke + CO White Battery Alarm-USA', 'Nest Cam Indoor Security Camera - USA', 'Google Sunglasses', 'Nest Cam Outdoor Security Camera - USA'})"
0.18892261001517452,"frozenset({'Nest Protect Smoke + CO White Wired Alarm-USA', 'Nest Cam Indoor Security Camera - USA', 'Google Sunglasses', 'Nest Cam Outdoor Security Camera - USA'})"
0.10242792109256449,"frozenset({'Nest Thermostat E - USA', 'Nest Cam Indoor Security Camera - USA', 'Google Sunglasses', 'Nest Cam Outdoor Security Camera - USA'})"
0.10849772382397573,"frozenset({'Sport Bag', 'Nest Cam Indoor Security Camera - USA', 'Google Sunglasses', 'Nest Cam Outdoor Security Camera - USA'})"
0.10698027314112292,"frozenset({'Windup Android', 'Nest Cam Indoor Security Camera - USA', 'Google Sunglasses', 'Nest Cam Outdoor Security Camera - USA'})"
0.11760242792109256,"frozenset({'YouTube Custom Decals', 'Nest Cam Indoor Security Camera - USA', 'Google Sunglasses', 'Nest Cam Outdoor Security Camera - USA'})"
0.10091047040971168,"frozenset({'Nest Learning Thermostat 3rd Gen-USA - Copper', 'Nest Cam Indoor Security Camera - USA', 'Google Sunglasses', 'Nest Learning Thermostat 3rd Gen-USA - Stainless Steel'})"
0.17754172989377845,"frozenset({'Nest Learning Thermostat 3rd Gen-USA - White', 'Nest Cam Indoor Security Camera - USA', 'Google Sunglasses', 'Nest Learning Thermostat 3rd Gen-USA - Stainless Steel'})"
0.20182094081942337,"frozenset({'Nest Protect Smoke + CO White Battery Alarm-USA', 'Nest Cam Indoor Security Camera - USA', 'Google Sunglasses', 'Nest Learning Thermostat 3rd Gen-USA - Stainless Steel'})"
0.19347496206373294,"frozenset({'Nest Protect Smoke + CO White Wired Alarm-USA', 'Nest Cam Indoor Security Camera - USA', 'Google Sunglasses', 'Nest Learning Thermostat 3rd Gen-USA - Stainless Steel'})"
0.1039453717754173,"frozenset({'Nest Thermostat E - USA', 'Nest Cam Indoor Security Camera - USA', 'Google Sunglasses', 'Nest Learning Thermostat 3rd Gen-USA - Stainless Steel'})"
0.10849772382397573,"frozenset({'Sport Bag', 'Nest Cam Indoor Security Camera - USA', 'Google Sunglasses', 'Nest Learning Thermostat 3rd Gen-USA - Stainless Steel'})"
0.11001517450682853,"frozenset({'Windup Android', 'Nest Cam Indoor Security Camera - USA', 'Google Sunglasses', 'Nest Learning Thermostat 3rd Gen-USA - Stainless Steel'})"
0.11760242792109256,"frozenset({'YouTube Custom Decals', 'Nest Cam Indoor Security Camera - USA', 'Google Sunglasses', 'Nest Learning Thermostat 3rd Gen-USA - Stainless Steel'})"
0.1456752655538695,"frozenset({'Nest Learning Thermostat 3rd Gen-USA - White', 'Nest Protect Smoke + CO White Battery Alarm-USA', 'Nest Cam Indoor Security Camera - USA', 'Google Sunglasses'})"
0.13884673748103188,"frozenset({'Nest Learning Thermostat 3rd Gen-USA - White', 'Nest Protect Smoke + CO White Wired Alarm-USA', 'Nest Cam Indoor Security Camera - USA', 'Google Sunglasses'})"
0.15629742033383914,"frozenset({'Nest Protect Smoke + CO White Wired Alarm-USA', 'Nest Protect Smoke + CO White Battery Alarm-USA', 'Nest Cam Indoor Security Camera - USA', 'Google Sunglasses'})"
0.1047040971168437,"frozenset({'Google Sunglasses', 'Nest Protect Smoke + CO White Battery Alarm-USA', 'Nest Cam Indoor Security Camera - USA', 'YouTube Custom Decals'})"
0.17678300455235205,"frozenset({'Nest Learning Thermostat 3rd Gen-USA - White', 'Google Sunglasses', 'Nest Learning Thermostat 3rd Gen-USA - Stainless Steel', 'Nest Cam Outdoor Security Camera - USA'})"
0.20030349013657056,"frozenset({'Nest Protect Smoke + CO White Battery Alarm-USA', 'Google Sunglasses', 'Nest Learning Thermostat 3rd Gen-USA - Stainless Steel', 'Nest Cam Outdoor Security Camera - USA'})"
0.18892261001517452,"frozenset({'Nest Protect Smoke + CO White Wired Alarm-USA', 'Google Sunglasses', 'Nest Learning Thermostat 3rd Gen-USA - Stainless Steel', 'Nest Cam Outdoor Security Camera - USA'})"
0.1039453717754173,"frozenset({'Nest Thermostat E - USA', 'Google Sunglasses', 'Nest Learning Thermostat 3rd Gen-USA - Stainless Steel', 'Nest Cam Outdoor Security Camera - USA'})"
0.11077389984825493,"frozenset({'Sport Bag', 'Google Sunglasses', 'Nest Learning Thermostat 3rd Gen-USA - Stainless Steel', 'Nest Cam Outdoor Security Camera - USA'})"
0.10925644916540213,"frozenset({'Windup Android', 'Google Sunglasses', 'Nest Learning Thermostat 3rd Gen-USA - Stainless Steel', 'Nest Cam Outdoor Security Camera - USA'})"
0.11684370257966616,"frozenset({'YouTube Custom Decals', 'Google Sunglasses', 'Nest Learning Thermostat 3rd Gen-USA - Stainless Steel', 'Nest Cam Outdoor Security Camera - USA'})"
0.1441578148710167,"frozenset({'Nest Learning Thermostat 3rd Gen-USA - White', 'Nest Protect Smoke + CO White Battery Alarm-USA', 'Google Sunglasses', 'Nest Cam Outdoor Security Camera - USA'})"
0.13201820940819423,"frozenset({'Nest Learning Thermostat 3rd Gen-USA - White', 'Nest Protect Smoke + CO White Wired Alarm-USA', 'Google Sunglasses', 'Nest Cam Outdoor Security Camera - USA'})"
0.14946889226100152,"frozenset({'Nest Protect Smoke + CO White Wired Alarm-USA', 'Nest Protect Smoke + CO White Battery Alarm-USA', 'Google Sunglasses', 'Nest Cam Outdoor Security Camera - USA'})"
0.10166919575113809,"frozenset({'Google Sunglasses', 'Nest Protect Smoke + CO White Battery Alarm-USA', 'YouTube Custom Decals', 'Nest Cam Outdoor Security Camera - USA'})"
0.14871016691957512,"frozenset({'Nest Learning Thermostat 3rd Gen-USA - White', 'Nest Protect Smoke + CO White Battery Alarm-USA', 'Google Sunglasses', 'Nest Learning Thermostat 3rd Gen-USA - Stainless Steel'})"
0.13808801213960548,"frozenset({'Nest Learning Thermostat 3rd Gen-USA - White', 'Nest Protect Smoke + CO White Wired Alarm-USA', 'Google Sunglasses', 'Nest Learning Thermostat 3rd Gen-USA - Stainless Steel'})"
0.15629742033383914,"frozenset({'Nest Protect Smoke + CO White Wired Alarm-USA', 'Nest Protect Smoke + CO White Battery Alarm-USA', 'Google Sunglasses', 'Nest Learning Thermostat 3rd Gen-USA - Stainless Steel'})"
0.10773899848254932,"frozenset({'Google Sunglasses', 'Nest Protect Smoke + CO White Battery Alarm-USA', 'YouTube Custom Decals', 'Nest Learning Thermostat 3rd Gen-USA - Stainless Steel'})"
0.11532625189681335,"frozenset({'Nest Learning Thermostat 3rd Gen-USA - White', 'Nest Protect Smoke + CO White Wired Alarm-USA', 'Nest Protect Smoke + CO White Battery Alarm-USA', 'Google Sunglasses'})"
0.10091047040971168,"frozenset({'Google Twill Cap', 'Nest Cam IQ - USA', 'Nest Cam Indoor Security Camera - USA', 'Nest Learning Thermostat 3rd Gen-USA - Stainless Steel'})"
0.19347496206373294,"frozenset({'Nest Learning Thermostat 3rd Gen-USA - Stainless Steel', 'Nest Cam Indoor Security Camera - USA', 'Google Twill Cap', 'Nest Cam Outdoor Security Camera - USA'})"
0.12898330804248861,"frozenset({'Nest Learning Thermostat 3rd Gen-USA - White', 'Google Twill Cap', 'Nest Cam Indoor Security Camera - USA', 'Nest Cam Outdoor Security Camera - USA'})"
0.15022761760242792,"frozenset({'Google Twill Cap', 'Nest Protect Smoke + CO White Battery Alarm-USA', 'Nest Cam Indoor Security Camera - USA', 'Nest Cam Outdoor Security Camera - USA'})"
0.1426403641881639,"frozenset({'Google Twill Cap', 'Nest Protect Smoke + CO White Wired Alarm-USA', 'Nest Cam Indoor Security Camera - USA', 'Nest Cam Outdoor Security Camera - USA'})"
0.13201820940819423,"frozenset({'Nest Learning Thermostat 3rd Gen-USA - White', 'Google Twill Cap', 'Nest Cam Indoor Security Camera - USA', 'Nest Learning Thermostat 3rd Gen-USA - Stainless Steel'})"
0.15250379362670713,"frozenset({'Google Twill Cap', 'Nest Protect Smoke + CO White Battery Alarm-USA', 'Nest Cam Indoor Security Camera - USA', 'Nest Learning Thermostat 3rd Gen-USA - Stainless Steel'})"
0.1426403641881639,"frozenset({'Google Twill Cap', 'Nest Protect Smoke + CO White Wired Alarm-USA', 'Nest Cam Indoor Security Camera - USA', 'Nest Learning Thermostat 3rd Gen-USA - Stainless Steel'})"
0.10849772382397573,"frozenset({'Nest Learning Thermostat 3rd Gen-USA - White', 'Google Twill Cap', 'Nest Protect Smoke + CO White Battery Alarm-USA', 'Nest Cam Indoor Security Camera - USA'})"
0.11760242792109256,"frozenset({'Google Twill Cap', 'Nest Protect Smoke + CO White Wired Alarm-USA', 'Nest Protect Smoke + CO White Battery Alarm-USA', 'Nest Cam Indoor Security Camera - USA'})"
0.12974203338391502,"frozenset({'Nest Learning Thermostat 3rd Gen-USA - White', 'Nest Learning Thermostat 3rd Gen-USA - Stainless Steel', 'Google Twill Cap', 'Nest Cam Outdoor Security Camera - USA'})"
0.15022761760242792,"frozenset({'Nest Learning Thermostat 3rd Gen-USA - Stainless Steel', 'Nest Protect Smoke + CO White Battery Alarm-USA', 'Google Twill Cap', 'Nest Cam Outdoor Security Camera - USA'})"
0.1411229135053111,"frozenset({'Nest Learning Thermostat 3rd Gen-USA - Stainless Steel', 'Nest Protect Smoke + CO White Wired Alarm-USA', 'Google Twill Cap', 'Nest Cam Outdoor Security Camera - USA'})"
0.10773899848254932,"frozenset({'Nest Learning Thermostat 3rd Gen-USA - White', 'Google Twill Cap', 'Nest Protect Smoke + CO White Battery Alarm-USA', 'Nest Cam Outdoor Security Camera - USA'})"
0.11760242792109256,"frozenset({'Google Twill Cap', 'Nest Protect Smoke + CO White Wired Alarm-USA', 'Nest Protect Smoke + CO White Battery Alarm-USA', 'Nest Cam Outdoor Security Camera - USA'})"
0.11001517450682853,"frozenset({'Nest Learning Thermostat 3rd Gen-USA - White', 'Google Twill Cap', 'Nest Protect Smoke + CO White Battery Alarm-USA', 'Nest Learning Thermostat 3rd Gen-USA - Stainless Steel'})"
0.11836115326251896,"frozenset({'Google Twill Cap', 'Nest Protect Smoke + CO White Wired Alarm-USA', 'Nest Protect Smoke + CO White Battery Alarm-USA', 'Nest Learning Thermostat 3rd Gen-USA - Stainless Steel'})"
0.15022761760242792,"frozenset({'Nest Learning Thermostat 3rd Gen-USA - Stainless Steel', 'Maze Pen', 'Nest Cam Indoor Security Camera - USA', 'Nest Cam Outdoor Security Camera - USA'})"
0.11760242792109256,"frozenset({'Nest Protect Smoke + CO White Battery Alarm-USA', 'Maze Pen', 'Nest Cam Indoor Security Camera - USA', 'Nest Cam Outdoor Security Camera - USA'})"
0.11153262518968134,"frozenset({'Nest Protect Smoke + CO White Wired Alarm-USA', 'Maze Pen', 'Nest Cam Indoor Security Camera - USA', 'Nest Cam Outdoor Security Camera - USA'})"
0.11684370257966616,"frozenset({'Nest Protect Smoke + CO White Battery Alarm-USA', 'Maze Pen', 'Nest Cam Indoor Security Camera - USA', 'Nest Learning Thermostat 3rd Gen-USA - Stainless Steel'})"
0.11077389984825493,"frozenset({'Nest Protect Smoke + CO White Wired Alarm-USA', 'Maze Pen', 'Nest Cam Indoor Security Camera - USA', 'Nest Learning Thermostat 3rd Gen-USA - Stainless Steel'})"
0.11608497723823975,"frozenset({'Nest Learning Thermostat 3rd Gen-USA - Stainless Steel', 'Maze Pen', 'Nest Protect Smoke + CO White Battery Alarm-USA', 'Nest Cam Outdoor Security Camera - USA'})"
0.10925644916540213,"frozenset({'Nest Learning Thermostat 3rd Gen-USA - Stainless Steel', 'Nest Protect Smoke + CO White Wired Alarm-USA', 'Maze Pen', 'Nest Cam Outdoor Security Camera - USA'})"
0.17981790591805766,"frozenset({'Nest Learning Thermostat 3rd Gen-USA - Stainless Steel', 'Nest Cam IQ - USA', 'Nest Cam Indoor Security Camera - USA', 'Nest Cam Outdoor Security Camera - USA'})"
0.1471927162367223,"frozenset({'Nest Learning Thermostat 3rd Gen-USA - White', 'Nest Cam IQ - USA', 'Nest Cam Indoor Security Camera - USA', 'Nest Cam Outdoor Security Camera - USA'})"
0.1433990895295903,"frozenset({'Nest Protect Smoke + CO White Battery Alarm-USA', 'Nest Cam IQ - USA', 'Nest Cam Indoor Security Camera - USA', 'Nest Cam Outdoor Security Camera - USA'})"
0.13429438543247343,"frozenset({'Nest Protect Smoke + CO White Wired Alarm-USA', 'Nest Cam IQ - USA', 'Nest Cam Indoor Security Camera - USA', 'Nest Cam Outdoor Security Camera - USA'})"
0.1047040971168437,"frozenset({'Nest Secure Alarm System Starter Pack - USA', 'Nest Cam IQ - USA', 'Nest Cam Indoor Security Camera - USA', 'Nest Cam Outdoor Security Camera - USA'})"
0.12898330804248861,"frozenset({'Nest Thermostat E - USA', 'Nest Cam IQ - USA', 'Nest Cam Indoor Security Camera - USA', 'Nest Cam Outdoor Security Camera - USA'})"
0.14871016691957512,"frozenset({'Nest Learning Thermostat 3rd Gen-USA - White', 'Nest Cam IQ - USA', 'Nest Cam Indoor Security Camera - USA', 'Nest Learning Thermostat 3rd Gen-USA - Stainless Steel'})"
0.1464339908952959,"frozenset({'Nest Protect Smoke + CO White Battery Alarm-USA', 'Nest Cam IQ - USA', 'Nest Cam Indoor Security Camera - USA', 'Nest Learning Thermostat 3rd Gen-USA - Stainless Steel'})"
0.13201820940819423,"frozenset({'Nest Protect Smoke + CO White Wired Alarm-USA', 'Nest Cam IQ - USA', 'Nest Cam Indoor Security Camera - USA', 'Nest Learning Thermostat 3rd Gen-USA - Stainless Steel'})"
0.10698027314112292,"frozenset({'Nest Secure Alarm System Starter Pack - USA', 'Nest Cam IQ - USA', 'Nest Cam Indoor Security Camera - USA', 'Nest Learning Thermostat 3rd Gen-USA - Stainless Steel'})"
0.1274658573596358,"frozenset({'Nest Thermostat E - USA', 'Nest Cam IQ - USA', 'Nest Cam Indoor Security Camera - USA', 'Nest Learning Thermostat 3rd Gen-USA - Stainless Steel'})"
0.1236722306525038,"frozenset({'Nest Learning Thermostat 3rd Gen-USA - White', 'Nest Cam IQ - USA', 'Nest Cam Indoor Security Camera - USA', 'Nest Protect Smoke + CO White Battery Alarm-USA'})"
0.11153262518968134,"frozenset({'Nest Learning Thermostat 3rd Gen-USA - White', 'Nest Protect Smoke + CO White Wired Alarm-USA', 'Nest Cam IQ - USA', 'Nest Cam Indoor Security Camera - USA'})"
0.11229135053110774,"frozenset({'Nest Learning Thermostat 3rd Gen-USA - White', 'Nest Thermostat E - USA', 'Nest Cam IQ - USA', 'Nest Cam Indoor Security Camera - USA'})"
0.11456752655538695,"frozenset({'Nest Protect Smoke + CO White Wired Alarm-USA', 'Nest Cam IQ - USA', 'Nest Cam Indoor Security Camera - USA', 'Nest Protect Smoke + CO White Battery Alarm-USA'})"
0.1062215477996965,"frozenset({'Nest Thermostat E - USA', 'Nest Cam IQ - USA', 'Nest Cam Indoor Security Camera - USA', 'Nest Protect Smoke + CO White Battery Alarm-USA'})"
0.10166919575113809,"frozenset({'Nest Thermostat E - USA', 'Nest Protect Smoke + CO White Wired Alarm-USA', 'Nest Cam IQ - USA', 'Nest Cam Indoor Security Camera - USA'})"
0.1441578148710167,"frozenset({'Nest Learning Thermostat 3rd Gen-USA - White', 'Nest Learning Thermostat 3rd Gen-USA - Stainless Steel', 'Nest Cam IQ - USA', 'Nest Cam Outdoor Security Camera - USA'})"
0.1464339908952959,"frozenset({'Nest Learning Thermostat 3rd Gen-USA - Stainless Steel', 'Nest Cam IQ - USA', 'Nest Protect Smoke + CO White Battery Alarm-USA', 'Nest Cam Outdoor Security Camera - USA'})"
0.13201820940819423,"frozenset({'Nest Learning Thermostat 3rd Gen-USA - Stainless Steel', 'Nest Protect Smoke + CO White Wired Alarm-USA', 'Nest Cam IQ - USA', 'Nest Cam Outdoor Security Camera - USA'})"
0.1062215477996965,"frozenset({'Nest Learning Thermostat 3rd Gen-USA - Stainless Steel', 'Nest Cam IQ - USA', 'Nest Secure Alarm System Starter Pack - USA', 'Nest Cam Outdoor Security Camera - USA'})"
0.125948406676783,"frozenset({'Nest Learning Thermostat 3rd Gen-USA - Stainless Steel', 'Nest Thermostat E - USA', 'Nest Cam IQ - USA', 'Nest Cam Outdoor Security Camera - USA'})"
0.12291350531107739,"frozenset({'Nest Learning Thermostat 3rd Gen-USA - White', 'Nest Cam IQ - USA', 'Nest Protect Smoke + CO White Battery Alarm-USA', 'Nest Cam Outdoor Security Camera - USA'})"
0.10849772382397573,"frozenset({'Nest Learning Thermostat 3rd Gen-USA - White', 'Nest Protect Smoke + CO White Wired Alarm-USA', 'Nest Cam IQ - USA', 'Nest Cam Outdoor Security Camera - USA'})"
0.10925644916540213,"frozenset({'Nest Learning Thermostat 3rd Gen-USA - White', 'Nest Thermostat E - USA', 'Nest Cam IQ - USA', 'Nest Cam Outdoor Security Camera - USA'})"
0.11229135053110774,"frozenset({'Nest Protect Smoke + CO White Wired Alarm-USA', 'Nest Cam IQ - USA', 'Nest Protect Smoke + CO White Battery Alarm-USA', 'Nest Cam Outdoor Security Camera - USA'})"
0.10318664643399089,"frozenset({'Nest Thermostat E - USA', 'Nest Cam IQ - USA', 'Nest Protect Smoke + CO White Battery Alarm-USA', 'Nest Cam Outdoor Security Camera - USA'})"
0.125948406676783,"frozenset({'Nest Learning Thermostat 3rd Gen-USA - White', 'Nest Cam IQ - USA', 'Nest Protect Smoke + CO White Battery Alarm-USA', 'Nest Learning Thermostat 3rd Gen-USA - Stainless Steel'})"
0.10698027314112292,"frozenset({'Nest Learning Thermostat 3rd Gen-USA - White', 'Nest Protect Smoke + CO White Wired Alarm-USA', 'Nest Cam IQ - USA', 'Nest Learning Thermostat 3rd Gen-USA - Stainless Steel'})"
0.11001517450682853,"frozenset({'Nest Learning Thermostat 3rd Gen-USA - White', 'Nest Thermostat E - USA', 'Nest Cam IQ - USA', 'Nest Learning Thermostat 3rd Gen-USA - Stainless Steel'})"
0.11380880121396054,"frozenset({'Nest Protect Smoke + CO White Wired Alarm-USA', 'Nest Cam IQ - USA', 'Nest Protect Smoke + CO White Battery Alarm-USA', 'Nest Learning Thermostat 3rd Gen-USA - Stainless Steel'})"
0.1047040971168437,"frozenset({'Nest Thermostat E - USA', 'Nest Cam IQ - USA', 'Nest Protect Smoke + CO White Battery Alarm-USA', 'Nest Learning Thermostat 3rd Gen-USA - Stainless Steel'})"
0.15553869499241274,"frozenset({'Nest Learning Thermostat 3rd Gen-USA - Stainless Steel', 'Nest Learning Thermostat 3rd Gen-USA - Copper', 'Nest Cam Indoor Security Camera - USA', 'Nest Cam Outdoor Security Camera - USA'})"
0.1236722306525038,"frozenset({'Nest Learning Thermostat 3rd Gen-USA - White', 'Nest Learning Thermostat 3rd Gen-USA - Copper', 'Nest Cam Indoor Security Camera - USA', 'Nest Cam Outdoor Security Camera - USA'})"
0.12974203338391502,"frozenset({'Nest Learning Thermostat 3rd Gen-USA - Copper', 'Nest Protect Smoke + CO White Battery Alarm-USA', 'Nest Cam Indoor Security Camera - USA', 'Nest Cam Outdoor Security Camera - USA'})"
0.11380880121396054,"frozenset({'Nest Protect Smoke + CO White Wired Alarm-USA', 'Nest Learning Thermostat 3rd Gen-USA - Copper', 'Nest Cam Indoor Security Camera - USA', 'Nest Cam Outdoor Security Camera - USA'})"
0.283763277693475,"frozenset({'Nest Learning Thermostat 3rd Gen-USA - White', 'Nest Learning Thermostat 3rd Gen-USA - Stainless Steel', 'Nest Cam Indoor Security Camera - USA', 'Nest Cam Outdoor Security Camera - USA'})"
0.33839150227617604,"frozenset({'Nest Learning Thermostat 3rd Gen-USA - Stainless Steel', 'Nest Protect Smoke + CO White Battery Alarm-USA', 'Nest Cam Indoor Security Camera - USA', 'Nest Cam Outdoor Security Camera - USA'})"
0.3179059180576631,"frozenset({'Nest Learning Thermostat 3rd Gen-USA - Stainless Steel', 'Nest Protect Smoke + CO White Wired Alarm-USA', 'Nest Cam Indoor Security Camera - USA', 'Nest Cam Outdoor Security Camera - USA'})"
0.13960546282245828,"frozenset({'Nest Secure Alarm System Starter Pack - USA', 'Nest Learning Thermostat 3rd Gen-USA - Stainless Steel', 'Nest Cam Indoor Security Camera - USA', 'Nest Cam Outdoor Security Camera - USA'})"
0.17905918057663125,"frozenset({'Nest Learning Thermostat 3rd Gen-USA - Stainless Steel', 'Nest Thermostat E - USA', 'Nest Cam Indoor Security Camera - USA', 'Nest Cam Outdoor Security Camera - USA'})"
0.1039453717754173,"frozenset({'Recycled Paper Journal Set', 'Nest Learning Thermostat 3rd Gen-USA - Stainless Steel', 'Nest Cam Indoor Security Camera - USA', 'Nest Cam Outdoor Security Camera - USA'})"
0.13201820940819423,"frozenset({'Nest Learning Thermostat 3rd Gen-USA - Stainless Steel', 'Nest Cam Indoor Security Camera - USA', 'Nest Cam Outdoor Security Camera - USA', 'Red Shine 15 oz Mug'})"
0.15250379362670713,"frozenset({'Sport Bag', 'Nest Learning Thermostat 3rd Gen-USA - Stainless Steel', 'Nest Cam Indoor Security Camera - USA', 'Nest Cam Outdoor Security Camera - USA'})"
0.15022761760242792,"frozenset({'Nest Learning Thermostat 3rd Gen-USA - Stainless Steel', 'Windup Android', 'Nest Cam Indoor Security Camera - USA', 'Nest Cam Outdoor Security Camera - USA'})"
0.1669195751138088,"frozenset({'Nest Learning Thermostat 3rd Gen-USA - Stainless Steel', 'Nest Cam Indoor Security Camera - USA', 'YouTube Custom Decals', 'Nest Cam Outdoor Security Camera - USA'})"
0.22230652503793627,"frozenset({'Nest Learning Thermostat 3rd Gen-USA - White', 'Nest Protect Smoke + CO White Battery Alarm-USA', 'Nest Cam Indoor Security Camera - USA', 'Nest Cam Outdoor Security Camera - USA'})"
0.20333839150227617,"frozenset({'Nest Learning Thermostat 3rd Gen-USA - White', 'Nest Protect Smoke + CO White Wired Alarm-USA', 'Nest Cam Indoor Security Camera - USA', 'Nest Cam Outdoor Security Camera - USA'})"
0.11684370257966616,"frozenset({'Nest Learning Thermostat 3rd Gen-USA - White', 'Nest Secure Alarm System Starter Pack - USA', 'Nest Cam Indoor Security Camera - USA', 'Nest Cam Outdoor Security Camera - USA'})"
0.1426403641881639,"frozenset({'Nest Learning Thermostat 3rd Gen-USA - White', 'Nest Thermostat E - USA', 'Nest Cam Indoor Security Camera - USA', 'Nest Cam Outdoor Security Camera - USA'})"
0.11001517450682853,"frozenset({'Nest Learning Thermostat 3rd Gen-USA - White', 'Sport Bag', 'Nest Cam Indoor Security Camera - USA', 'Nest Cam Outdoor Security Camera - USA'})"
0.10773899848254932,"frozenset({'Nest Learning Thermostat 3rd Gen-USA - White', 'Nest Cam Indoor Security Camera - USA', 'Windup Android', 'Nest Cam Outdoor Security Camera - USA'})"
0.11305007587253414,"frozenset({'Nest Learning Thermostat 3rd Gen-USA - White', 'Nest Cam Indoor Security Camera - USA', 'YouTube Custom Decals', 'Nest Cam Outdoor Security Camera - USA'})"
0.24051593323216997,"frozenset({'Nest Protect Smoke + CO White Wired Alarm-USA', 'Nest Protect Smoke + CO White Battery Alarm-USA', 'Nest Cam Indoor Security Camera - USA', 'Nest Cam Outdoor Security Camera - USA'})"
0.11229135053110774,"frozenset({'Nest Secure Alarm System Starter Pack - USA', 'Nest Protect Smoke + CO White Battery Alarm-USA', 'Nest Cam Indoor Security Camera - USA', 'Nest Cam Outdoor Security Camera - USA'})"
0.13505311077389984,"frozenset({'Nest Thermostat E - USA', 'Nest Protect Smoke + CO White Battery Alarm-USA', 'Nest Cam Indoor Security Camera - USA', 'Nest Cam Outdoor Security Camera - USA'})"
0.10773899848254932,"frozenset({'Nest Protect Smoke + CO White Battery Alarm-USA', 'Nest Cam Indoor Security Camera - USA', 'Nest Cam Outdoor Security Camera - USA', 'Red Shine 15 oz Mug'})"
0.1236722306525038,"frozenset({'Sport Bag', 'Nest Protect Smoke + CO White Battery Alarm-USA', 'Nest Cam Indoor Security Camera - USA', 'Nest Cam Outdoor Security Camera - USA'})"
0.12291350531107739,"frozenset({'Windup Android', 'Nest Protect Smoke + CO White Battery Alarm-USA', 'Nest Cam Indoor Security Camera - USA', 'Nest Cam Outdoor Security Camera - USA'})"
0.13581183611532624,"frozenset({'Nest Protect Smoke + CO White Battery Alarm-USA', 'Nest Cam Indoor Security Camera - USA', 'YouTube Custom Decals', 'Nest Cam Outdoor Security Camera - USA'})"
0.10925644916540213,"frozenset({'Nest Secure Alarm System Starter Pack - USA', 'Nest Protect Smoke + CO White Wired Alarm-USA', 'Nest Cam Indoor Security Camera - USA', 'Nest Cam Outdoor Security Camera - USA'})"
0.13581183611532624,"frozenset({'Nest Thermostat E - USA', 'Nest Protect Smoke + CO White Wired Alarm-USA', 'Nest Cam Indoor Security Camera - USA', 'Nest Cam Outdoor Security Camera - USA'})"
0.11532625189681335,"frozenset({'Sport Bag', 'Nest Protect Smoke + CO White Wired Alarm-USA', 'Nest Cam Indoor Security Camera - USA', 'Nest Cam Outdoor Security Camera - USA'})"
0.11608497723823975,"frozenset({'Windup Android', 'Nest Protect Smoke + CO White Wired Alarm-USA', 'Nest Cam Indoor Security Camera - USA', 'Nest Cam Outdoor Security Camera - USA'})"
0.12291350531107739,"frozenset({'Nest Protect Smoke + CO White Wired Alarm-USA', 'Nest Cam Indoor Security Camera - USA', 'YouTube Custom Decals', 'Nest Cam Outdoor Security Camera - USA'})"
0.1236722306525038,"frozenset({'Nest Secure Alarm System Starter Pack - USA', 'Nest Thermostat E - USA', 'Nest Cam Indoor Security Camera - USA', 'Nest Cam Outdoor Security Camera - USA'})"
0.12291350531107739,"frozenset({'Nest Learning Thermostat 3rd Gen-USA - White', 'Nest Learning Thermostat 3rd Gen-USA - Copper', 'Nest Cam Indoor Security Camera - USA', 'Nest Learning Thermostat 3rd Gen-USA - Stainless Steel'})"
0.12974203338391502,"frozenset({'Nest Learning Thermostat 3rd Gen-USA - Copper', 'Nest Protect Smoke + CO White Battery Alarm-USA', 'Nest Cam Indoor Security Camera - USA', 'Nest Learning Thermostat 3rd Gen-USA - Stainless Steel'})"
0.11684370257966616,"frozenset({'Nest Protect Smoke + CO White Wired Alarm-USA', 'Nest Learning Thermostat 3rd Gen-USA - Copper', 'Nest Cam Indoor Security Camera - USA', 'Nest Learning Thermostat 3rd Gen-USA - Stainless Steel'})"
0.1054628224582701,"frozenset({'Nest Learning Thermostat 3rd Gen-USA - White', 'Nest Learning Thermostat 3rd Gen-USA - Copper', 'Nest Protect Smoke + CO White Battery Alarm-USA', 'Nest Cam Indoor Security Camera - USA'})"
0.22078907435508346,"frozenset({'Nest Learning Thermostat 3rd Gen-USA - White', 'Nest Protect Smoke + CO White Battery Alarm-USA', 'Nest Cam Indoor Security Camera - USA', 'Nest Learning Thermostat 3rd Gen-USA - Stainless Steel'})"
0.20561456752655538,"frozenset({'Nest Learning Thermostat 3rd Gen-USA - White', 'Nest Protect Smoke + CO White Wired Alarm-USA', 'Nest Cam Indoor Security Camera - USA', 'Nest Learning Thermostat 3rd Gen-USA - Stainless Steel'})"
0.1236722306525038,"frozenset({'Nest Learning Thermostat 3rd Gen-USA - White', 'Nest Secure Alarm System Starter Pack - USA', 'Nest Cam Indoor Security Camera - USA', 'Nest Learning Thermostat 3rd Gen-USA - Stainless Steel'})"
0.1471927162367223,"frozenset({'Nest Learning Thermostat 3rd Gen-USA - White', 'Nest Thermostat E - USA', 'Nest Cam Indoor Security Camera - USA', 'Nest Learning Thermostat 3rd Gen-USA - Stainless Steel'})"
0.10849772382397573,"frozenset({'Nest Learning Thermostat 3rd Gen-USA - White', 'Sport Bag', 'Nest Cam Indoor Security Camera - USA', 'Nest Learning Thermostat 3rd Gen-USA - Stainless Steel'})"
0.1062215477996965,"frozenset({'Nest Learning Thermostat 3rd Gen-USA - White', 'Nest Learning Thermostat 3rd Gen-USA - Stainless Steel', 'Nest Cam Indoor Security Camera - USA', 'Windup Android'})"
0.11305007587253414,"frozenset({'Nest Learning Thermostat 3rd Gen-USA - White', 'Nest Cam Indoor Security Camera - USA', 'YouTube Custom Decals', 'Nest Learning Thermostat 3rd Gen-USA - Stainless Steel'})"
0.24279210925644917,"frozenset({'Nest Protect Smoke + CO White Wired Alarm-USA', 'Nest Protect Smoke + CO White Battery Alarm-USA', 'Nest Cam Indoor Security Camera - USA', 'Nest Learning Thermostat 3rd Gen-USA - Stainless Steel'})"
0.11532625189681335,"frozenset({'Nest Secure Alarm System Starter Pack - USA', 'Nest Protect Smoke + CO White Battery Alarm-USA', 'Nest Cam Indoor Security Camera - USA', 'Nest Learning Thermostat 3rd Gen-USA - Stainless Steel'})"
0.14036418816388468,"frozenset({'Nest Thermostat E - USA', 'Nest Protect Smoke + CO White Battery Alarm-USA', 'Nest Cam Indoor Security Camera - USA', 'Nest Learning Thermostat 3rd Gen-USA - Stainless Steel'})"
0.10773899848254932,"frozenset({'Nest Learning Thermostat 3rd Gen-USA - Stainless Steel', 'Nest Protect Smoke + CO White Battery Alarm-USA', 'Nest Cam Indoor Security Camera - USA', 'Red Shine 15 oz Mug'})"
0.12291350531107739,"frozenset({'Sport Bag', 'Nest Protect Smoke + CO White Battery Alarm-USA', 'Nest Cam Indoor Security Camera - USA', 'Nest Learning Thermostat 3rd Gen-USA - Stainless Steel'})"
0.12898330804248861,"frozenset({'Windup Android', 'Nest Protect Smoke + CO White Battery Alarm-USA', 'Nest Cam Indoor Security Camera - USA', 'Nest Learning Thermostat 3rd Gen-USA - Stainless Steel'})"
0.13960546282245828,"frozenset({'Nest Protect Smoke + CO White Battery Alarm-USA', 'Nest Cam Indoor Security Camera - USA', 'YouTube Custom Decals', 'Nest Learning Thermostat 3rd Gen-USA - Stainless Steel'})"
0.11305007587253414,"frozenset({'Nest Secure Alarm System Starter Pack - USA', 'Nest Protect Smoke + CO White Wired Alarm-USA', 'Nest Cam Indoor Security Camera - USA', 'Nest Learning Thermostat 3rd Gen-USA - Stainless Steel'})"
0.1411229135053111,"frozenset({'Nest Thermostat E - USA', 'Nest Protect Smoke + CO White Wired Alarm-USA', 'Nest Cam Indoor Security Camera - USA', 'Nest Learning Thermostat 3rd Gen-USA - Stainless Steel'})"
0.11608497723823975,"frozenset({'Sport Bag', 'Nest Protect Smoke + CO White Wired Alarm-USA', 'Nest Cam Indoor Security Camera - USA', 'Nest Learning Thermostat 3rd Gen-USA - Stainless Steel'})"
0.12063732928679818,"frozenset({'Windup Android', 'Nest Protect Smoke + CO White Wired Alarm-USA', 'Nest Cam Indoor Security Camera - USA', 'Nest Learning Thermostat 3rd Gen-USA - Stainless Steel'})"
0.1251896813353566,"frozenset({'Nest Protect Smoke + CO White Wired Alarm-USA', 'Nest Cam Indoor Security Camera - USA', 'YouTube Custom Decals', 'Nest Learning Thermostat 3rd Gen-USA - Stainless Steel'})"
0.13050075872534142,"frozenset({'Nest Secure Alarm System Starter Pack - USA', 'Nest Thermostat E - USA', 'Nest Cam Indoor Security Camera - USA', 'Nest Learning Thermostat 3rd Gen-USA - Stainless Steel'})"
0.165402124430956,"frozenset({'Nest Learning Thermostat 3rd Gen-USA - White', 'Nest Protect Smoke + CO White Wired Alarm-USA', 'Nest Protect Smoke + CO White Battery Alarm-USA', 'Nest Cam Indoor Security Camera - USA'})"
0.10242792109256449,"frozenset({'Nest Learning Thermostat 3rd Gen-USA - White', 'Nest Secure Alarm System Starter Pack - USA', 'Nest Protect Smoke + CO White Battery Alarm-USA', 'Nest Cam Indoor Security Camera - USA'})"
0.11911987860394538,"frozenset({'Nest Learning Thermostat 3rd Gen-USA - White', 'Nest Thermostat E - USA', 'Nest Protect Smoke + CO White Battery Alarm-USA', 'Nest Cam Indoor Security Camera - USA'})"
0.10166919575113809,"frozenset({'Nest Learning Thermostat 3rd Gen-USA - White', 'Nest Secure Alarm System Starter Pack - USA', 'Nest Protect Smoke + CO White Wired Alarm-USA', 'Nest Cam Indoor Security Camera - USA'})"
0.12139605462822459,"frozenset({'Nest Thermostat E - USA', 'Nest Learning Thermostat 3rd Gen-USA - White', 'Nest Protect Smoke + CO White Wired Alarm-USA', 'Nest Cam Indoor Security Camera - USA'})"
0.10925644916540213,"frozenset({'Nest Learning Thermostat 3rd Gen-USA - White', 'Nest Secure Alarm System Starter Pack - USA', 'Nest Thermostat E - USA', 'Nest Cam Indoor Security Camera - USA'})"
0.11532625189681335,"frozenset({'Nest Thermostat E - USA', 'Nest Protect Smoke + CO White Wired Alarm-USA', 'Nest Protect Smoke + CO White Battery Alarm-USA', 'Nest Cam Indoor Security Camera - USA'})"
0.10091047040971168,"frozenset({'Nest Protect Smoke + CO White Wired Alarm-USA', 'Nest Protect Smoke + CO White Battery Alarm-USA', 'Nest Cam Indoor Security Camera - USA', 'Windup Android'})"
0.1054628224582701,"frozenset({'Nest Protect Smoke + CO White Wired Alarm-USA', 'Nest Protect Smoke + CO White Battery Alarm-USA', 'Nest Cam Indoor Security Camera - USA', 'YouTube Custom Decals'})"
0.10091047040971168,"frozenset({'Nest Secure Alarm System Starter Pack - USA', 'Nest Thermostat E - USA', 'Nest Protect Smoke + CO White Battery Alarm-USA', 'Nest Cam Indoor Security Camera - USA'})"
0.11608497723823975,"frozenset({'Nest Learning Thermostat 3rd Gen-USA - White', 'Nest Learning Thermostat 3rd Gen-USA - Stainless Steel', 'Nest Learning Thermostat 3rd Gen-USA - Copper', 'Nest Cam Outdoor Security Camera - USA'})"
0.1267071320182094,"frozenset({'Nest Learning Thermostat 3rd Gen-USA - Stainless Steel', 'Nest Learning Thermostat 3rd Gen-USA - Copper', 'Nest Protect Smoke + CO White Battery Alarm-USA', 'Nest Cam Outdoor Security Camera - USA'})"
0.11380880121396054,"frozenset({'Nest Learning Thermostat 3rd Gen-USA - Stainless Steel', 'Nest Protect Smoke + CO White Wired Alarm-USA', 'Nest Learning Thermostat 3rd Gen-USA - Copper', 'Nest Cam Outdoor Security Camera - USA'})"
0.10015174506828528,"frozenset({'Nest Learning Thermostat 3rd Gen-USA - White', 'Nest Learning Thermostat 3rd Gen-USA - Copper', 'Nest Protect Smoke + CO White Battery Alarm-USA', 'Nest Cam Outdoor Security Camera - USA'})"
0.22154779969650987,"frozenset({'Nest Learning Thermostat 3rd Gen-USA - White', 'Nest Learning Thermostat 3rd Gen-USA - Stainless Steel', 'Nest Protect Smoke + CO White Battery Alarm-USA', 'Nest Cam Outdoor Security Camera - USA'})"
0.19878603945371776,"frozenset({'Nest Learning Thermostat 3rd Gen-USA - White', 'Nest Learning Thermostat 3rd Gen-USA - Stainless Steel', 'Nest Protect Smoke + CO White Wired Alarm-USA', 'Nest Cam Outdoor Security Camera - USA'})"
0.11836115326251896,"frozenset({'Nest Learning Thermostat 3rd Gen-USA - White', 'Nest Secure Alarm System Starter Pack - USA', 'Nest Learning Thermostat 3rd Gen-USA - Stainless Steel', 'Nest Cam Outdoor Security Camera - USA'})"
0.1441578148710167,"frozenset({'Nest Learning Thermostat 3rd Gen-USA - White', 'Nest Learning Thermostat 3rd Gen-USA - Stainless Steel', 'Nest Thermostat E - USA', 'Nest Cam Outdoor Security Camera - USA'})"
0.10925644916540213,"frozenset({'Nest Learning Thermostat 3rd Gen-USA - White', 'Sport Bag', 'Nest Learning Thermostat 3rd Gen-USA - Stainless Steel', 'Nest Cam Outdoor Security Camera - USA'})"
0.1054628224582701,"frozenset({'Nest Learning Thermostat 3rd Gen-USA - White', 'Nest Learning Thermostat 3rd Gen-USA - Stainless Steel', 'Windup Android', 'Nest Cam Outdoor Security Camera - USA'})"
0.11077389984825493,"frozenset({'Nest Learning Thermostat 3rd Gen-USA - White', 'Nest Learning Thermostat 3rd Gen-USA - Stainless Steel', 'YouTube Custom Decals', 'Nest Cam Outdoor Security Camera - USA'})"
0.23672230652503792,"frozenset({'Nest Learning Thermostat 3rd Gen-USA - Stainless Steel', 'Nest Protect Smoke + CO White Wired Alarm-USA', 'Nest Protect Smoke + CO White Battery Alarm-USA', 'Nest Cam Outdoor Security Camera - USA'})"
0.11380880121396054,"frozenset({'Nest Secure Alarm System Starter Pack - USA', 'Nest Learning Thermostat 3rd Gen-USA - Stainless Steel', 'Nest Protect Smoke + CO White Battery Alarm-USA', 'Nest Cam Outdoor Security Camera - USA'})"
0.13808801213960548,"frozenset({'Nest Learning Thermostat 3rd Gen-USA - Stainless Steel', 'Nest Thermostat E - USA', 'Nest Protect Smoke + CO White Battery Alarm-USA', 'Nest Cam Outdoor Security Camera - USA'})"
0.10849772382397573,"frozenset({'Nest Learning Thermostat 3rd Gen-USA - Stainless Steel', 'Nest Protect Smoke + CO White Battery Alarm-USA', 'Nest Cam Outdoor Security Camera - USA', 'Red Shine 15 oz Mug'})"
0.1251896813353566,"frozenset({'Sport Bag', 'Nest Learning Thermostat 3rd Gen-USA - Stainless Steel', 'Nest Protect Smoke + CO White Battery Alarm-USA', 'Nest Cam Outdoor Security Camera - USA'})"
0.12215477996965099,"frozenset({'Nest Learning Thermostat 3rd Gen-USA - Stainless Steel', 'Windup Android', 'Nest Protect Smoke + CO White Battery Alarm-USA', 'Nest Cam Outdoor Security Camera - USA'})"
0.13657056145675264,"frozenset({'Nest Learning Thermostat 3rd Gen-USA - Stainless Steel', 'Nest Protect Smoke + CO White Battery Alarm-USA', 'YouTube Custom Decals', 'Nest Cam Outdoor Security Camera - USA'})"
0.10925644916540213,"frozenset({'Nest Learning Thermostat 3rd Gen-USA - Stainless Steel', 'Nest Secure Alarm System Starter Pack - USA', 'Nest Protect Smoke + CO White Wired Alarm-USA', 'Nest Cam Outdoor Security Camera - USA'})"
0.13505311077389984,"frozenset({'Nest Thermostat E - USA', 'Nest Learning Thermostat 3rd Gen-USA - Stainless Steel', 'Nest Protect Smoke + CO White Wired Alarm-USA', 'Nest Cam Outdoor Security Camera - USA'})"
0.11456752655538695,"frozenset({'Nest Learning Thermostat 3rd Gen-USA - Stainless Steel', 'Sport Bag', 'Nest Protect Smoke + CO White Wired Alarm-USA', 'Nest Cam Outdoor Security Camera - USA'})"
0.11532625189681335,"frozenset({'Nest Learning Thermostat 3rd Gen-USA - Stainless Steel', 'Nest Protect Smoke + CO White Wired Alarm-USA', 'Nest Cam Outdoor Security Camera - USA', 'Windup Android'})"
0.12139605462822459,"frozenset({'Nest Learning Thermostat 3rd Gen-USA - Stainless Steel', 'Nest Protect Smoke + CO White Wired Alarm-USA', 'YouTube Custom Decals', 'Nest Cam Outdoor Security Camera - USA'})"
0.1251896813353566,"frozenset({'Nest Learning Thermostat 3rd Gen-USA - Stainless Steel', 'Nest Secure Alarm System Starter Pack - USA', 'Nest Thermostat E - USA', 'Nest Cam Outdoor Security Camera - USA'})"
0.16084977238239756,"frozenset({'Nest Learning Thermostat 3rd Gen-USA - White', 'Nest Protect Smoke + CO White Wired Alarm-USA', 'Nest Protect Smoke + CO White Battery Alarm-USA', 'Nest Cam Outdoor Security Camera - USA'})"
0.10015174506828528,"frozenset({'Nest Learning Thermostat 3rd Gen-USA - White', 'Nest Secure Alarm System Starter Pack - USA', 'Nest Protect Smoke + CO White Battery Alarm-USA', 'Nest Cam Outdoor Security Camera - USA'})"
0.11532625189681335,"frozenset({'Nest Learning Thermostat 3rd Gen-USA - White', 'Nest Thermostat E - USA', 'Nest Protect Smoke + CO White Battery Alarm-USA', 'Nest Cam Outdoor Security Camera - USA'})"
0.11760242792109256,"frozenset({'Nest Thermostat E - USA', 'Nest Learning Thermostat 3rd Gen-USA - White', 'Nest Protect Smoke + CO White Wired Alarm-USA', 'Nest Cam Outdoor Security Camera - USA'})"
0.1054628224582701,"frozenset({'Nest Learning Thermostat 3rd Gen-USA - White', 'Nest Secure Alarm System Starter Pack - USA', 'Nest Thermostat E - USA', 'Nest Cam Outdoor Security Camera - USA'})"
0.11077389984825493,"frozenset({'Nest Thermostat E - USA', 'Nest Protect Smoke + CO White Wired Alarm-USA', 'Nest Protect Smoke + CO White Battery Alarm-USA', 'Nest Cam Outdoor Security Camera - USA'})"
0.10166919575113809,"frozenset({'Nest Protect Smoke + CO White Wired Alarm-USA', 'Nest Protect Smoke + CO White Battery Alarm-USA', 'YouTube Custom Decals', 'Nest Cam Outdoor Security Camera - USA'})"
0.10166919575113809,"frozenset({'Nest Learning Thermostat 3rd Gen-USA - White', 'Nest Learning Thermostat 3rd Gen-USA - Copper', 'Nest Protect Smoke + CO White Battery Alarm-USA', 'Nest Learning Thermostat 3rd Gen-USA - Stainless Steel'})"
0.1646433990895296,"frozenset({'Nest Learning Thermostat 3rd Gen-USA - White', 'Nest Protect Smoke + CO White Wired Alarm-USA', 'Nest Protect Smoke + CO White Battery Alarm-USA', 'Nest Learning Thermostat 3rd Gen-USA - Stainless Steel'})"
0.1054628224582701,"frozenset({'Nest Learning Thermostat 3rd Gen-USA - White', 'Nest Secure Alarm System Starter Pack - USA', 'Nest Protect Smoke + CO White Battery Alarm-USA', 'Nest Learning Thermostat 3rd Gen-USA - Stainless Steel'})"
0.12063732928679818,"frozenset({'Nest Learning Thermostat 3rd Gen-USA - White', 'Nest Thermostat E - USA', 'Nest Protect Smoke + CO White Battery Alarm-USA', 'Nest Learning Thermostat 3rd Gen-USA - Stainless Steel'})"
0.10091047040971168,"frozenset({'Nest Learning Thermostat 3rd Gen-USA - White', 'Nest Protect Smoke + CO White Battery Alarm-USA', 'YouTube Custom Decals', 'Nest Learning Thermostat 3rd Gen-USA - Stainless Steel'})"
0.10166919575113809,"frozenset({'Nest Learning Thermostat 3rd Gen-USA - White', 'Nest Secure Alarm System Starter Pack - USA', 'Nest Protect Smoke + CO White Wired Alarm-USA', 'Nest Learning Thermostat 3rd Gen-USA - Stainless Steel'})"
0.11987860394537178,"frozenset({'Nest Thermostat E - USA', 'Nest Learning Thermostat 3rd Gen-USA - White', 'Nest Protect Smoke + CO White Wired Alarm-USA', 'Nest Learning Thermostat 3rd Gen-USA - Stainless Steel'})"
0.11077389984825493,"frozenset({'Nest Learning Thermostat 3rd Gen-USA - White', 'Nest Secure Alarm System Starter Pack - USA', 'Nest Thermostat E - USA', 'Nest Learning Thermostat 3rd Gen-USA - Stainless Steel'})"
0.11760242792109256,"frozenset({'Nest Thermostat E - USA', 'Nest Protect Smoke + CO White Wired Alarm-USA', 'Nest Protect Smoke + CO White Battery Alarm-USA', 'Nest Learning Thermostat 3rd Gen-USA - Stainless Steel'})"
0.1054628224582701,"frozenset({'Nest Protect Smoke + CO White Wired Alarm-USA', 'Nest Protect Smoke + CO White Battery Alarm-USA', 'YouTube Custom Decals', 'Nest Learning Thermostat 3rd Gen-USA - Stainless Steel'})"
0.1047040971168437,"frozenset({'Nest Secure Alarm System Starter Pack - USA', 'Nest Thermostat E - USA', 'Nest Protect Smoke + CO White Battery Alarm-USA', 'Nest Learning Thermostat 3rd Gen-USA - Stainless Steel'})"
0.10242792109256449,"frozenset({'Nest Thermostat E - USA', 'Nest Learning Thermostat 3rd Gen-USA - White', 'Nest Protect Smoke + CO White Wired Alarm-USA', 'Nest Protect Smoke + CO White Battery Alarm-USA'})"
0.10242792109256449,"frozenset({'Nest Protect Smoke + CO White Battery Alarm-USA', 'Nest Learning Thermostat 3rd Gen-USA - Stainless Steel', '26 oz Double Wall Insulated Bottle', 'Nest Cam Outdoor Security Camera - USA', 'Nest Cam Indoor Security Camera - USA'})"
0.10698027314112292,"frozenset({'Nest Protect Smoke + CO White Wired Alarm-USA', 'Nest Learning Thermostat 3rd Gen-USA - Stainless Steel', '26 oz Double Wall Insulated Bottle', 'Nest Cam Outdoor Security Camera - USA', 'Nest Cam Indoor Security Camera - USA'})"
0.10925644916540213,"frozenset({'Four Color Retractable Pen', 'Nest Protect Smoke + CO White Battery Alarm-USA', 'Nest Learning Thermostat 3rd Gen-USA - Stainless Steel', 'Nest Cam Outdoor Security Camera - USA', 'Nest Cam Indoor Security Camera - USA'})"
0.10166919575113809,"frozenset({'Four Color Retractable Pen', 'Nest Protect Smoke + CO White Wired Alarm-USA', 'Nest Learning Thermostat 3rd Gen-USA - Stainless Steel', 'Nest Cam Outdoor Security Camera - USA', 'Nest Cam Indoor Security Camera - USA'})"
0.10091047040971168,"frozenset({'Google 22 oz Water Bottle', 'Google Laptop and Cell Phone Stickers', 'Google Sunglasses', 'Nest Cam Outdoor Security Camera - USA', 'Nest Cam Indoor Security Camera - USA'})"
0.10698027314112292,"frozenset({'Google 22 oz Water Bottle', 'Google Laptop and Cell Phone Stickers', 'Google Sunglasses', 'Nest Learning Thermostat 3rd Gen-USA - Stainless Steel', 'Nest Cam Indoor Security Camera - USA'})"
0.1062215477996965,"frozenset({'Google 22 oz Water Bottle', 'Google Laptop and Cell Phone Stickers', 'Google Sunglasses', 'Nest Learning Thermostat 3rd Gen-USA - Stainless Steel', 'Nest Cam Outdoor Security Camera - USA'})"
0.13808801213960548,"frozenset({'Google 22 oz Water Bottle', 'Google Laptop and Cell Phone Stickers', 'Nest Learning Thermostat 3rd Gen-USA - Stainless Steel', 'Nest Cam Outdoor Security Camera - USA', 'Nest Cam Indoor Security Camera - USA'})"
0.10318664643399089,"frozenset({'Google 22 oz Water Bottle', 'Google Laptop and Cell Phone Stickers', 'Nest Protect Smoke + CO White Battery Alarm-USA', 'Nest Cam Outdoor Security Camera - USA', 'Nest Cam Indoor Security Camera - USA'})"
0.10849772382397573,"frozenset({'Google 22 oz Water Bottle', 'Google Laptop and Cell Phone Stickers', 'Nest Protect Smoke + CO White Wired Alarm-USA', 'Nest Cam Outdoor Security Camera - USA', 'Nest Cam Indoor Security Camera - USA'})"
0.10091047040971168,"frozenset({'Google 22 oz Water Bottle', 'Google Laptop and Cell Phone Stickers', 'Nest Learning Thermostat 3rd Gen-USA - Stainless Steel', 'Nest Learning Thermostat 3rd Gen-USA - White', 'Nest Cam Indoor Security Camera - USA'})"
0.10925644916540213,"frozenset({'Google 22 oz Water Bottle', 'Google Laptop and Cell Phone Stickers', 'Nest Protect Smoke + CO White Battery Alarm-USA', 'Nest Learning Thermostat 3rd Gen-USA - Stainless Steel', 'Nest Cam Indoor Security Camera - USA'})"
0.11305007587253414,"frozenset({'Google 22 oz Water Bottle', 'Google Laptop and Cell Phone Stickers', 'Nest Protect Smoke + CO White Wired Alarm-USA', 'Nest Learning Thermostat 3rd Gen-USA - Stainless Steel', 'Nest Cam Indoor Security Camera - USA'})"
0.10773899848254932,"frozenset({'Google 22 oz Water Bottle', 'Google Laptop and Cell Phone Stickers', 'Nest Protect Smoke + CO White Battery Alarm-USA', 'Nest Learning Thermostat 3rd Gen-USA - Stainless Steel', 'Nest Cam Outdoor Security Camera - USA'})"
0.10773899848254932,"frozenset({'Google 22 oz Water Bottle', 'Google Laptop and Cell Phone Stickers', 'Nest Protect Smoke + CO White Wired Alarm-USA', 'Nest Learning Thermostat 3rd Gen-USA - Stainless Steel', 'Nest Cam Outdoor Security Camera - USA'})"
0.13808801213960548,"frozenset({'Google 22 oz Water Bottle', 'Google Sunglasses', 'Nest Learning Thermostat 3rd Gen-USA - Stainless Steel', 'Nest Cam Outdoor Security Camera - USA', 'Nest Cam Indoor Security Camera - USA'})"
0.10242792109256449,"frozenset({'Google 22 oz Water Bottle', 'Google Sunglasses', 'Nest Cam Outdoor Security Camera - USA', 'Nest Learning Thermostat 3rd Gen-USA - White', 'Nest Cam Indoor Security Camera - USA'})"
0.11153262518968134,"frozenset({'Google 22 oz Water Bottle', 'Nest Protect Smoke + CO White Battery Alarm-USA', 'Google Sunglasses', 'Nest Cam Outdoor Security Camera - USA', 'Nest Cam Indoor Security Camera - USA'})"
0.11077389984825493,"frozenset({'Google 22 oz Water Bottle', 'Google Sunglasses', 'Nest Protect Smoke + CO White Wired Alarm-USA', 'Nest Cam Outdoor Security Camera - USA', 'Nest Cam Indoor Security Camera - USA'})"
0.1062215477996965,"frozenset({'Google 22 oz Water Bottle', 'Google Sunglasses', 'Nest Learning Thermostat 3rd Gen-USA - Stainless Steel', 'Nest Learning Thermostat 3rd Gen-USA - White', 'Nest Cam Indoor Security Camera - USA'})"
0.11456752655538695,"frozenset({'Google 22 oz Water Bottle', 'Nest Protect Smoke + CO White Battery Alarm-USA', 'Google Sunglasses', 'Nest Learning Thermostat 3rd Gen-USA - Stainless Steel', 'Nest Cam Indoor Security Camera - USA'})"
0.11305007587253414,"frozenset({'Google 22 oz Water Bottle', 'Google Sunglasses', 'Nest Protect Smoke + CO White Wired Alarm-USA', 'Nest Learning Thermostat 3rd Gen-USA - Stainless Steel', 'Nest Cam Indoor Security Camera - USA'})"
0.1054628224582701,"frozenset({'Google 22 oz Water Bottle', 'Google Sunglasses', 'Nest Learning Thermostat 3rd Gen-USA - Stainless Steel', 'Nest Cam Outdoor Security Camera - USA', 'Nest Learning Thermostat 3rd Gen-USA - White'})"
0.11456752655538695,"frozenset({'Google 22 oz Water Bottle', 'Nest Protect Smoke + CO White Battery Alarm-USA', 'Google Sunglasses', 'Nest Learning Thermostat 3rd Gen-USA - Stainless Steel', 'Nest Cam Outdoor Security Camera - USA'})"
0.11077389984825493,"frozenset({'Google 22 oz Water Bottle', 'Google Sunglasses', 'Nest Protect Smoke + CO White Wired Alarm-USA', 'Nest Learning Thermostat 3rd Gen-USA - Stainless Steel', 'Nest Cam Outdoor Security Camera - USA'})"
0.10166919575113809,"frozenset({'Google 22 oz Water Bottle', 'Nest Cam IQ - USA', 'Nest Learning Thermostat 3rd Gen-USA - Stainless Steel', 'Nest Cam Outdoor Security Camera - USA', 'Nest Cam Indoor Security Camera - USA'})"
0.1433990895295903,"frozenset({'Google 22 oz Water Bottle', 'Nest Learning Thermostat 3rd Gen-USA - Stainless Steel', 'Nest Cam Outdoor Security Camera - USA', 'Nest Learning Thermostat 3rd Gen-USA - White', 'Nest Cam Indoor Security Camera - USA'})"
0.16009104704097116,"frozenset({'Google 22 oz Water Bottle', 'Nest Protect Smoke + CO White Battery Alarm-USA', 'Nest Learning Thermostat 3rd Gen-USA - Stainless Steel', 'Nest Cam Outdoor Security Camera - USA', 'Nest Cam Indoor Security Camera - USA'})"
0.15933232169954475,"frozenset({'Google 22 oz Water Bottle', 'Nest Protect Smoke + CO White Wired Alarm-USA', 'Nest Learning Thermostat 3rd Gen-USA - Stainless Steel', 'Nest Cam Outdoor Security Camera - USA', 'Nest Cam Indoor Security Camera - USA'})"
0.10091047040971168,"frozenset({'Google 22 oz Water Bottle', 'YouTube Custom Decals', 'Nest Learning Thermostat 3rd Gen-USA - Stainless Steel', 'Nest Cam Outdoor Security Camera - USA', 'Nest Cam Indoor Security Camera - USA'})"
0.11684370257966616,"frozenset({'Google 22 oz Water Bottle', 'Nest Protect Smoke + CO White Battery Alarm-USA', 'Nest Cam Outdoor Security Camera - USA', 'Nest Learning Thermostat 3rd Gen-USA - White', 'Nest Cam Indoor Security Camera - USA'})"
0.11305007587253414,"frozenset({'Google 22 oz Water Bottle', 'Nest Protect Smoke + CO White Wired Alarm-USA', 'Nest Cam Outdoor Security Camera - USA', 'Nest Learning Thermostat 3rd Gen-USA - White', 'Nest Cam Indoor Security Camera - USA'})"
0.125948406676783,"frozenset({'Google 22 oz Water Bottle', 'Nest Protect Smoke + CO White Battery Alarm-USA', 'Nest Protect Smoke + CO White Wired Alarm-USA', 'Nest Cam Outdoor Security Camera - USA', 'Nest Cam Indoor Security Camera - USA'})"
0.12063732928679818,"frozenset({'Google 22 oz Water Bottle', 'Nest Protect Smoke + CO White Battery Alarm-USA', 'Nest Learning Thermostat 3rd Gen-USA - Stainless Steel', 'Nest Learning Thermostat 3rd Gen-USA - White', 'Nest Cam Indoor Security Camera - USA'})"
0.11684370257966616,"frozenset({'Google 22 oz Water Bottle', 'Nest Protect Smoke + CO White Wired Alarm-USA', 'Nest Learning Thermostat 3rd Gen-USA - Stainless Steel', 'Nest Learning Thermostat 3rd Gen-USA - White', 'Nest Cam Indoor Security Camera - USA'})"
0.13125948406676782,"frozenset({'Google 22 oz Water Bottle', 'Nest Protect Smoke + CO White Battery Alarm-USA', 'Nest Protect Smoke + CO White Wired Alarm-USA', 'Nest Learning Thermostat 3rd Gen-USA - Stainless Steel', 'Nest Cam Indoor Security Camera - USA'})"
0.11836115326251896,"frozenset({'Google 22 oz Water Bottle', 'Nest Protect Smoke + CO White Battery Alarm-USA', 'Nest Learning Thermostat 3rd Gen-USA - Stainless Steel', 'Nest Cam Outdoor Security Camera - USA', 'Nest Learning Thermostat 3rd Gen-USA - White'})"
0.11229135053110774,"frozenset({'Google 22 oz Water Bottle', 'Nest Protect Smoke + CO White Wired Alarm-USA', 'Nest Learning Thermostat 3rd Gen-USA - Stainless Steel', 'Nest Cam Outdoor Security Camera - USA', 'Nest Learning Thermostat 3rd Gen-USA - White'})"
0.1251896813353566,"frozenset({'Google 22 oz Water Bottle', 'Nest Protect Smoke + CO White Battery Alarm-USA', 'Nest Protect Smoke + CO White Wired Alarm-USA', 'Nest Learning Thermostat 3rd Gen-USA - Stainless Steel', 'Nest Cam Outdoor Security Camera - USA'})"
0.10773899848254932,"frozenset({'Google Laptop and Cell Phone Stickers', 'Nest Learning Thermostat 3rd Gen-USA - Stainless Steel', 'Nest Cam Outdoor Security Camera - USA', 'Google Doodle Decal', 'Nest Cam Indoor Security Camera - USA'})"
0.1047040971168437,"frozenset({'Nest Protect Smoke + CO White Battery Alarm-USA', 'Nest Learning Thermostat 3rd Gen-USA - Stainless Steel', 'Nest Cam Outdoor Security Camera - USA', 'Google Doodle Decal', 'Nest Cam Indoor Security Camera - USA'})"
0.10318664643399089,"frozenset({'Nest Protect Smoke + CO White Wired Alarm-USA', 'Nest Learning Thermostat 3rd Gen-USA - Stainless Steel', 'Nest Cam Outdoor Security Camera - USA', 'Google Doodle Decal', 'Nest Cam Indoor Security Camera - USA'})"
0.11836115326251896,"frozenset({'Google Laptop and Cell Phone Stickers', 'Nest Learning Thermostat 3rd Gen-USA - Stainless Steel', 'Nest Cam Outdoor Security Camera - USA', ""Google Men's 100% Cotton Short Sleeve Hero Tee Black"", 'Nest Cam Indoor Security Camera - USA'})"
0.10015174506828528,"frozenset({""Google Men's 100% Cotton Short Sleeve Hero Tee White"", 'Google Laptop and Cell Phone Stickers', 'Nest Learning Thermostat 3rd Gen-USA - Stainless Steel', 'Nest Cam Outdoor Security Camera - USA', 'Nest Cam Indoor Security Camera - USA'})"
0.16084977238239756,"frozenset({'Google Laptop and Cell Phone Stickers', 'Google Sunglasses', 'Nest Learning Thermostat 3rd Gen-USA - Stainless Steel', 'Nest Cam Outdoor Security Camera - USA', 'Nest Cam Indoor Security Camera - USA'})"
0.11608497723823975,"frozenset({'Google Laptop and Cell Phone Stickers', 'Google Sunglasses', 'Nest Cam Outdoor Security Camera - USA', 'Nest Learning Thermostat 3rd Gen-USA - White', 'Nest Cam Indoor Security Camera - USA'})"
0.13277693474962063,"frozenset({'Google Laptop and Cell Phone Stickers', 'Nest Protect Smoke + CO White Battery Alarm-USA', 'Google Sunglasses', 'Nest Cam Outdoor Security Camera - USA', 'Nest Cam Indoor Security Camera - USA'})"
0.125948406676783,"frozenset({'Google Laptop and Cell Phone Stickers', 'Google Sunglasses', 'Nest Protect Smoke + CO White Wired Alarm-USA', 'Nest Cam Outdoor Security Camera - USA', 'Nest Cam Indoor Security Camera - USA'})"
0.11911987860394538,"frozenset({'Google Laptop and Cell Phone Stickers', 'Google Sunglasses', 'Nest Learning Thermostat 3rd Gen-USA - Stainless Steel', 'Nest Learning Thermostat 3rd Gen-USA - White', 'Nest Cam Indoor Security Camera - USA'})"
0.13581183611532624,"frozenset({'Google Laptop and Cell Phone Stickers', 'Nest Protect Smoke + CO White Battery Alarm-USA', 'Google Sunglasses', 'Nest Learning Thermostat 3rd Gen-USA - Stainless Steel', 'Nest Cam Indoor Security Camera - USA'})"
0.12974203338391502,"frozenset({'Google Laptop and Cell Phone Stickers', 'Google Sunglasses', 'Nest Protect Smoke + CO White Wired Alarm-USA', 'Nest Learning Thermostat 3rd Gen-USA - Stainless Steel', 'Nest Cam Indoor Security Camera - USA'})"
0.10091047040971168,"frozenset({'Google Laptop and Cell Phone Stickers', 'Nest Protect Smoke + CO White Battery Alarm-USA', 'Google Sunglasses', 'Nest Learning Thermostat 3rd Gen-USA - White', 'Nest Cam Indoor Security Camera - USA'})"
0.10925644916540213,"frozenset({'Google Laptop and Cell Phone Stickers', 'Nest Protect Smoke + CO White Battery Alarm-USA', 'Google Sunglasses', 'Nest Protect Smoke + CO White Wired Alarm-USA', 'Nest Cam Indoor Security Camera - USA'})"
0.11760242792109256,"frozenset({'Google Laptop and Cell Phone Stickers', 'Google Sunglasses', 'Nest Learning Thermostat 3rd Gen-USA - Stainless Steel', 'Nest Cam Outdoor Security Camera - USA', 'Nest Learning Thermostat 3rd Gen-USA - White'})"
0.13581183611532624,"frozenset({'Google Laptop and Cell Phone Stickers', 'Nest Protect Smoke + CO White Battery Alarm-USA', 'Google Sunglasses', 'Nest Learning Thermostat 3rd Gen-USA - Stainless Steel', 'Nest Cam Outdoor Security Camera - USA'})"
0.1274658573596358,"frozenset({'Google Laptop and Cell Phone Stickers', 'Google Sunglasses', 'Nest Protect Smoke + CO White Wired Alarm-USA', 'Nest Learning Thermostat 3rd Gen-USA - Stainless Steel', 'Nest Cam Outdoor Security Camera - USA'})"
0.1054628224582701,"frozenset({'Google Laptop and Cell Phone Stickers', 'Nest Protect Smoke + CO White Battery Alarm-USA', 'Google Sunglasses', 'Nest Protect Smoke + CO White Wired Alarm-USA', 'Nest Cam Outdoor Security Camera - USA'})"
0.10318664643399089,"frozenset({'Google Laptop and Cell Phone Stickers', 'Nest Protect Smoke + CO White Battery Alarm-USA', 'Google Sunglasses', 'Nest Learning Thermostat 3rd Gen-USA - Stainless Steel', 'Nest Learning Thermostat 3rd Gen-USA - White'})"
0.10925644916540213,"frozenset({'Google Laptop and Cell Phone Stickers', 'Nest Protect Smoke + CO White Battery Alarm-USA', 'Google Sunglasses', 'Nest Protect Smoke + CO White Wired Alarm-USA', 'Nest Learning Thermostat 3rd Gen-USA - Stainless Steel'})"
0.11836115326251896,"frozenset({'Google Laptop and Cell Phone Stickers', 'Nest Learning Thermostat 3rd Gen-USA - Stainless Steel', 'Nest Cam Outdoor Security Camera - USA', 'Google Twill Cap', 'Nest Cam Indoor Security Camera - USA'})"
0.1062215477996965,"frozenset({'Google Laptop and Cell Phone Stickers', 'Nest Cam IQ - USA', 'Nest Learning Thermostat 3rd Gen-USA - Stainless Steel', 'Nest Cam Outdoor Security Camera - USA', 'Nest Cam Indoor Security Camera - USA'})"
0.15933232169954475,"frozenset({'Google Laptop and Cell Phone Stickers', 'Nest Learning Thermostat 3rd Gen-USA - Stainless Steel', 'Nest Cam Outdoor Security Camera - USA', 'Nest Learning Thermostat 3rd Gen-USA - White', 'Nest Cam Indoor Security Camera - USA'})"
0.19119878603945373,"frozenset({'Google Laptop and Cell Phone Stickers', 'Nest Protect Smoke + CO White Battery Alarm-USA', 'Nest Learning Thermostat 3rd Gen-USA - Stainless Steel', 'Nest Cam Outdoor Security Camera - USA', 'Nest Cam Indoor Security Camera - USA'})"
0.17830045523520485,"frozenset({'Google Laptop and Cell Phone Stickers', 'Nest Protect Smoke + CO White Wired Alarm-USA', 'Nest Learning Thermostat 3rd Gen-USA - Stainless Steel', 'Nest Cam Outdoor Security Camera - USA', 'Nest Cam Indoor Security Camera - USA'})"
0.10166919575113809,"frozenset({'Google Laptop and Cell Phone Stickers', 'Sport Bag', 'Nest Learning Thermostat 3rd Gen-USA - Stainless Steel', 'Nest Cam Outdoor Security Camera - USA', 'Nest Cam Indoor Security Camera - USA'})"
0.11987860394537178,"frozenset({'YouTube Custom Decals', 'Google Laptop and Cell Phone Stickers', 'Nest Learning Thermostat 3rd Gen-USA - Stainless Steel', 'Nest Cam Outdoor Security Camera - USA', 'Nest Cam Indoor Security Camera - USA'})"
0.13277693474962063,"frozenset({'Google Laptop and Cell Phone Stickers', 'Nest Protect Smoke + CO White Battery Alarm-USA', 'Nest Cam Outdoor Security Camera - USA', 'Nest Learning Thermostat 3rd Gen-USA - White', 'Nest Cam Indoor Security Camera - USA'})"
0.11836115326251896,"frozenset({'Google Laptop and Cell Phone Stickers', 'Nest Protect Smoke + CO White Wired Alarm-USA', 'Nest Cam Outdoor Security Camera - USA', 'Nest Learning Thermostat 3rd Gen-USA - White', 'Nest Cam Indoor Security Camera - USA'})"
0.1449165402124431,"frozenset({'Google Laptop and Cell Phone Stickers', 'Nest Protect Smoke + CO White Battery Alarm-USA', 'Nest Protect Smoke + CO White Wired Alarm-USA', 'Nest Cam Outdoor Security Camera - USA', 'Nest Cam Indoor Security Camera - USA'})"
0.10091047040971168,"frozenset({'YouTube Custom Decals', 'Google Laptop and Cell Phone Stickers', 'Nest Protect Smoke + CO White Battery Alarm-USA', 'Nest Cam Outdoor Security Camera - USA', 'Nest Cam Indoor Security Camera - USA'})"
0.13353566009104703,"frozenset({'Google Laptop and Cell Phone Stickers', 'Nest Protect Smoke + CO White Battery Alarm-USA', 'Nest Learning Thermostat 3rd Gen-USA - Stainless Steel', 'Nest Learning Thermostat 3rd Gen-USA - White', 'Nest Cam Indoor Security Camera - USA'})"
0.12139605462822459,"frozenset({'Google Laptop and Cell Phone Stickers', 'Nest Protect Smoke + CO White Wired Alarm-USA', 'Nest Learning Thermostat 3rd Gen-USA - Stainless Steel', 'Nest Learning Thermostat 3rd Gen-USA - White', 'Nest Cam Indoor Security Camera - USA'})"
0.1464339908952959,"frozenset({'Google Laptop and Cell Phone Stickers', 'Nest Protect Smoke + CO White Battery Alarm-USA', 'Nest Protect Smoke + CO White Wired Alarm-USA', 'Nest Learning Thermostat 3rd Gen-USA - Stainless Steel', 'Nest Cam Indoor Security Camera - USA'})"
0.1039453717754173,"frozenset({'YouTube Custom Decals', 'Google Laptop and Cell Phone Stickers', 'Nest Protect Smoke + CO White Battery Alarm-USA', 'Nest Learning Thermostat 3rd Gen-USA - Stainless Steel', 'Nest Cam Indoor Security Camera - USA'})"
0.10318664643399089,"frozenset({'Google Laptop and Cell Phone Stickers', 'Nest Protect Smoke + CO White Battery Alarm-USA', 'Nest Protect Smoke + CO White Wired Alarm-USA', 'Nest Learning Thermostat 3rd Gen-USA - White', 'Nest Cam Indoor Security Camera - USA'})"
0.13201820940819423,"frozenset({'Google Laptop and Cell Phone Stickers', 'Nest Protect Smoke + CO White Battery Alarm-USA', 'Nest Learning Thermostat 3rd Gen-USA - Stainless Steel', 'Nest Cam Outdoor Security Camera - USA', 'Nest Learning Thermostat 3rd Gen-USA - White'})"
0.11684370257966616,"frozenset({'Google Laptop and Cell Phone Stickers', 'Nest Protect Smoke + CO White Wired Alarm-USA', 'Nest Learning Thermostat 3rd Gen-USA - Stainless Steel', 'Nest Cam Outdoor Security Camera - USA', 'Nest Learning Thermostat 3rd Gen-USA - White'})"
0.1449165402124431,"frozenset({'Google Laptop and Cell Phone Stickers', 'Nest Protect Smoke + CO White Battery Alarm-USA', 'Nest Protect Smoke + CO White Wired Alarm-USA', 'Nest Learning Thermostat 3rd Gen-USA - Stainless Steel', 'Nest Cam Outdoor Security Camera - USA'})"
0.10242792109256449,"frozenset({'YouTube Custom Decals', 'Google Laptop and Cell Phone Stickers', 'Nest Protect Smoke + CO White Battery Alarm-USA', 'Nest Learning Thermostat 3rd Gen-USA - Stainless Steel', 'Nest Cam Outdoor Security Camera - USA'})"
0.10166919575113809,"frozenset({'Google Laptop and Cell Phone Stickers', 'Nest Protect Smoke + CO White Battery Alarm-USA', 'Nest Protect Smoke + CO White Wired Alarm-USA', 'Nest Cam Outdoor Security Camera - USA', 'Nest Learning Thermostat 3rd Gen-USA - White'})"
0.10242792109256449,"frozenset({'Google Laptop and Cell Phone Stickers', 'Nest Protect Smoke + CO White Battery Alarm-USA', 'Nest Protect Smoke + CO White Wired Alarm-USA', 'Nest Learning Thermostat 3rd Gen-USA - Stainless Steel', 'Nest Learning Thermostat 3rd Gen-USA - White'})"
0.1047040971168437,"frozenset({'Nest Protect Smoke + CO White Battery Alarm-USA', 'Nest Learning Thermostat 3rd Gen-USA - Stainless Steel', 'Nest Cam Outdoor Security Camera - USA', 'Nest Cam Indoor Security Camera - USA', ""Google Men's  Zip Hoodie""})"
0.11532625189681335,"frozenset({'Google Sunglasses', 'Nest Learning Thermostat 3rd Gen-USA - Stainless Steel', 'Nest Cam Outdoor Security Camera - USA', ""Google Men's 100% Cotton Short Sleeve Hero Tee Black"", 'Nest Cam Indoor Security Camera - USA'})"
0.10166919575113809,"frozenset({'Nest Protect Smoke + CO White Battery Alarm-USA', 'Google Sunglasses', 'Nest Cam Outdoor Security Camera - USA', ""Google Men's 100% Cotton Short Sleeve Hero Tee Black"", 'Nest Cam Indoor Security Camera - USA'})"
0.10318664643399089,"frozenset({'Nest Protect Smoke + CO White Battery Alarm-USA', 'Google Sunglasses', 'Nest Learning Thermostat 3rd Gen-USA - Stainless Steel', ""Google Men's 100% Cotton Short Sleeve Hero Tee Black"", 'Nest Cam Indoor Security Camera - USA'})"
0.10166919575113809,"frozenset({'Nest Protect Smoke + CO White Battery Alarm-USA', 'Google Sunglasses', 'Nest Learning Thermostat 3rd Gen-USA - Stainless Steel', 'Nest Cam Outdoor Security Camera - USA', ""Google Men's 100% Cotton Short Sleeve Hero Tee Black""})"
0.11760242792109256,"frozenset({'Nest Learning Thermostat 3rd Gen-USA - Stainless Steel', 'Nest Cam Outdoor Security Camera - USA', 'Nest Learning Thermostat 3rd Gen-USA - White', ""Google Men's 100% Cotton Short Sleeve Hero Tee Black"", 'Nest Cam Indoor Security Camera - USA'})"
0.1433990895295903,"frozenset({'Nest Protect Smoke + CO White Battery Alarm-USA', 'Nest Learning Thermostat 3rd Gen-USA - Stainless Steel', 'Nest Cam Outdoor Security Camera - USA', ""Google Men's 100% Cotton Short Sleeve Hero Tee Black"", 'Nest Cam Indoor Security Camera - USA'})"
0.13050075872534142,"frozenset({'Nest Protect Smoke + CO White Wired Alarm-USA', 'Nest Learning Thermostat 3rd Gen-USA - Stainless Steel', 'Nest Cam Outdoor Security Camera - USA', ""Google Men's 100% Cotton Short Sleeve Hero Tee Black"", 'Nest Cam Indoor Security Camera - USA'})"
0.10166919575113809,"frozenset({'Nest Protect Smoke + CO White Battery Alarm-USA', 'Nest Cam Outdoor Security Camera - USA', 'Nest Learning Thermostat 3rd Gen-USA - White', ""Google Men's 100% Cotton Short Sleeve Hero Tee Black"", 'Nest Cam Indoor Security Camera - USA'})"
0.11001517450682853,"frozenset({'Nest Protect Smoke + CO White Battery Alarm-USA', 'Nest Protect Smoke + CO White Wired Alarm-USA', 'Nest Cam Outdoor Security Camera - USA', ""Google Men's 100% Cotton Short Sleeve Hero Tee Black"", 'Nest Cam Indoor Security Camera - USA'})"
0.10015174506828528,"frozenset({'Nest Protect Smoke + CO White Battery Alarm-USA', 'Nest Learning Thermostat 3rd Gen-USA - Stainless Steel', 'Nest Learning Thermostat 3rd Gen-USA - White', ""Google Men's 100% Cotton Short Sleeve Hero Tee Black"", 'Nest Cam Indoor Security Camera - USA'})"
0.10925644916540213,"frozenset({'Nest Protect Smoke + CO White Battery Alarm-USA', 'Nest Protect Smoke + CO White Wired Alarm-USA', 'Nest Learning Thermostat 3rd Gen-USA - Stainless Steel', ""Google Men's 100% Cotton Short Sleeve Hero Tee Black"", 'Nest Cam Indoor Security Camera - USA'})"
0.10015174506828528,"frozenset({'Nest Protect Smoke + CO White Battery Alarm-USA', 'Nest Learning Thermostat 3rd Gen-USA - Stainless Steel', 'Nest Cam Outdoor Security Camera - USA', 'Nest Learning Thermostat 3rd Gen-USA - White', ""Google Men's 100% Cotton Short Sleeve Hero Tee Black""})"
0.10698027314112292,"frozenset({'Nest Protect Smoke + CO White Battery Alarm-USA', 'Nest Protect Smoke + CO White Wired Alarm-USA', 'Nest Learning Thermostat 3rd Gen-USA - Stainless Steel', 'Nest Cam Outdoor Security Camera - USA', ""Google Men's 100% Cotton Short Sleeve Hero Tee Black""})"
0.10773899848254932,"frozenset({""Google Men's 100% Cotton Short Sleeve Hero Tee Navy"", 'Nest Protect Smoke + CO White Wired Alarm-USA', 'Nest Learning Thermostat 3rd Gen-USA - Stainless Steel', 'Nest Cam Outdoor Security Camera - USA', 'Nest Cam Indoor Security Camera - USA'})"
0.12215477996965099,"frozenset({""Google Men's 100% Cotton Short Sleeve Hero Tee White"", 'Nest Protect Smoke + CO White Battery Alarm-USA', 'Nest Learning Thermostat 3rd Gen-USA - Stainless Steel', 'Nest Cam Outdoor Security Camera - USA', 'Nest Cam Indoor Security Camera - USA'})"
0.11305007587253414,"frozenset({""Google Men's 100% Cotton Short Sleeve Hero Tee White"", 'Nest Protect Smoke + CO White Wired Alarm-USA', 'Nest Learning Thermostat 3rd Gen-USA - Stainless Steel', 'Nest Cam Outdoor Security Camera - USA', 'Nest Cam Indoor Security Camera - USA'})"
0.11760242792109256,"frozenset({'Nest Protect Smoke + CO White Battery Alarm-USA', 'Nest Learning Thermostat 3rd Gen-USA - Stainless Steel', 'Nest Cam Outdoor Security Camera - USA', 'Nest Cam Indoor Security Camera - USA', ""Google Men's Bike Short Sleeve Tee Charcoal""})"
0.10849772382397573,"frozenset({'Nest Protect Smoke + CO White Wired Alarm-USA', 'Nest Learning Thermostat 3rd Gen-USA - Stainless Steel', 'Nest Cam Outdoor Security Camera - USA', 'Nest Cam Indoor Security Camera - USA', ""Google Men's Bike Short Sleeve Tee Charcoal""})"
0.11305007587253414,"frozenset({""Google Men's Vintage Badge Tee Black"", 'Nest Learning Thermostat 3rd Gen-USA - Stainless Steel', 'Nest Cam Outdoor Security Camera - USA', 'Nest Learning Thermostat 3rd Gen-USA - White', 'Nest Cam Indoor Security Camera - USA'})"
0.11760242792109256,"frozenset({'Nest Protect Smoke + CO White Battery Alarm-USA', ""Google Men's Vintage Badge Tee Black"", 'Nest Learning Thermostat 3rd Gen-USA - Stainless Steel', 'Nest Cam Outdoor Security Camera - USA', 'Nest Cam Indoor Security Camera - USA'})"
0.11229135053110774,"frozenset({""Google Men's Vintage Badge Tee Black"", 'Nest Protect Smoke + CO White Wired Alarm-USA', 'Nest Learning Thermostat 3rd Gen-USA - Stainless Steel', 'Nest Cam Outdoor Security Camera - USA', 'Nest Cam Indoor Security Camera - USA'})"
0.11684370257966616,"frozenset({'Nest Protect Smoke + CO White Battery Alarm-USA', 'Google Metallic Notebook Set', 'Nest Learning Thermostat 3rd Gen-USA - Stainless Steel', 'Nest Cam Outdoor Security Camera - USA', 'Nest Cam Indoor Security Camera - USA'})"
0.1039453717754173,"frozenset({'Nest Protect Smoke + CO White Wired Alarm-USA', 'Google Metallic Notebook Set', 'Nest Learning Thermostat 3rd Gen-USA - Stainless Steel', 'Nest Cam Outdoor Security Camera - USA', 'Nest Cam Indoor Security Camera - USA'})"
0.12291350531107739,"frozenset({'Google Sunglasses', 'Nest Learning Thermostat 3rd Gen-USA - Stainless Steel', 'Nest Cam Outdoor Security Camera - USA', 'Google Twill Cap', 'Nest Cam Indoor Security Camera - USA'})"
0.10242792109256449,"frozenset({'Nest Protect Smoke + CO White Battery Alarm-USA', 'Google Sunglasses', 'Nest Cam Outdoor Security Camera - USA', 'Google Twill Cap', 'Nest Cam Indoor Security Camera - USA'})"
0.10242792109256449,"frozenset({'Nest Protect Smoke + CO White Battery Alarm-USA', 'Google Sunglasses', 'Nest Learning Thermostat 3rd Gen-USA - Stainless Steel', 'Google Twill Cap', 'Nest Cam Indoor Security Camera - USA'})"
0.10166919575113809,"frozenset({'Nest Protect Smoke + CO White Battery Alarm-USA', 'Google Sunglasses', 'Nest Learning Thermostat 3rd Gen-USA - Stainless Steel', 'Nest Cam Outdoor Security Camera - USA', 'Google Twill Cap'})"
0.1054628224582701,"frozenset({'Google Sunglasses', 'Nest Cam IQ - USA', 'Nest Learning Thermostat 3rd Gen-USA - Stainless Steel', 'Nest Cam Outdoor Security Camera - USA', 'Nest Cam Indoor Security Camera - USA'})"
0.16843702579666162,"frozenset({'Google Sunglasses', 'Nest Learning Thermostat 3rd Gen-USA - Stainless Steel', 'Nest Cam Outdoor Security Camera - USA', 'Nest Learning Thermostat 3rd Gen-USA - White', 'Nest Cam Indoor Security Camera - USA'})"
0.19119878603945373,"frozenset({'Nest Protect Smoke + CO White Battery Alarm-USA', 'Google Sunglasses', 'Nest Learning Thermostat 3rd Gen-USA - Stainless Steel', 'Nest Cam Outdoor Security Camera - USA', 'Nest Cam Indoor Security Camera - USA'})"
0.18285280728376327,"frozenset({'Google Sunglasses', 'Nest Protect Smoke + CO White Wired Alarm-USA', 'Nest Learning Thermostat 3rd Gen-USA - Stainless Steel', 'Nest Cam Outdoor Security Camera - USA', 'Nest Cam Indoor Security Camera - USA'})"
0.10015174506828528,"frozenset({'Nest Thermostat E - USA', 'Google Sunglasses', 'Nest Learning Thermostat 3rd Gen-USA - Stainless Steel', 'Nest Cam Outdoor Security Camera - USA', 'Nest Cam Indoor Security Camera - USA'})"
0.10318664643399089,"frozenset({'Sport Bag', 'Google Sunglasses', 'Nest Learning Thermostat 3rd Gen-USA - Stainless Steel', 'Nest Cam Outdoor Security Camera - USA', 'Nest Cam Indoor Security Camera - USA'})"
0.10318664643399089,"frozenset({'Windup Android', 'Google Sunglasses', 'Nest Learning Thermostat 3rd Gen-USA - Stainless Steel', 'Nest Cam Outdoor Security Camera - USA', 'Nest Cam Indoor Security Camera - USA'})"
0.10925644916540213,"frozenset({'YouTube Custom Decals', 'Google Sunglasses', 'Nest Learning Thermostat 3rd Gen-USA - Stainless Steel', 'Nest Cam Outdoor Security Camera - USA', 'Nest Cam Indoor Security Camera - USA'})"
0.13808801213960548,"frozenset({'Nest Protect Smoke + CO White Battery Alarm-USA', 'Google Sunglasses', 'Nest Cam Outdoor Security Camera - USA', 'Nest Learning Thermostat 3rd Gen-USA - White', 'Nest Cam Indoor Security Camera - USA'})"
0.13050075872534142,"frozenset({'Google Sunglasses', 'Nest Protect Smoke + CO White Wired Alarm-USA', 'Nest Cam Outdoor Security Camera - USA', 'Nest Learning Thermostat 3rd Gen-USA - White', 'Nest Cam Indoor Security Camera - USA'})"
0.1479514415781487,"frozenset({'Nest Protect Smoke + CO White Battery Alarm-USA', 'Google Sunglasses', 'Nest Protect Smoke + CO White Wired Alarm-USA', 'Nest Cam Outdoor Security Camera - USA', 'Nest Cam Indoor Security Camera - USA'})"
0.14036418816388468,"frozenset({'Nest Protect Smoke + CO White Battery Alarm-USA', 'Google Sunglasses', 'Nest Learning Thermostat 3rd Gen-USA - Stainless Steel', 'Nest Learning Thermostat 3rd Gen-USA - White', 'Nest Cam Indoor Security Camera - USA'})"
0.13505311077389984,"frozenset({'Google Sunglasses', 'Nest Protect Smoke + CO White Wired Alarm-USA', 'Nest Learning Thermostat 3rd Gen-USA - Stainless Steel', 'Nest Learning Thermostat 3rd Gen-USA - White', 'Nest Cam Indoor Security Camera - USA'})"
0.15174506828528073,"frozenset({'Nest Protect Smoke + CO White Battery Alarm-USA', 'Google Sunglasses', 'Nest Protect Smoke + CO White Wired Alarm-USA', 'Nest Learning Thermostat 3rd Gen-USA - Stainless Steel', 'Nest Cam Indoor Security Camera - USA'})"
0.10166919575113809,"frozenset({'YouTube Custom Decals', 'Nest Protect Smoke + CO White Battery Alarm-USA', 'Google Sunglasses', 'Nest Learning Thermostat 3rd Gen-USA - Stainless Steel', 'Nest Cam Indoor Security Camera - USA'})"
0.11305007587253414,"frozenset({'Nest Protect Smoke + CO White Battery Alarm-USA', 'Google Sunglasses', 'Nest Protect Smoke + CO White Wired Alarm-USA', 'Nest Learning Thermostat 3rd Gen-USA - White', 'Nest Cam Indoor Security Camera - USA'})"
0.13884673748103188,"frozenset({'Nest Protect Smoke + CO White Battery Alarm-USA', 'Google Sunglasses', 'Nest Learning Thermostat 3rd Gen-USA - Stainless Steel', 'Nest Cam Outdoor Security Camera - USA', 'Nest Learning Thermostat 3rd Gen-USA - White'})"
0.12974203338391502,"frozenset({'Google Sunglasses', 'Nest Protect Smoke + CO White Wired Alarm-USA', 'Nest Learning Thermostat 3rd Gen-USA - Stainless Steel', 'Nest Cam Outdoor Security Camera - USA', 'Nest Learning Thermostat 3rd Gen-USA - White'})"
0.1464339908952959,"frozenset({'Nest Protect Smoke + CO White Battery Alarm-USA', 'Google Sunglasses', 'Nest Protect Smoke + CO White Wired Alarm-USA', 'Nest Learning Thermostat 3rd Gen-USA - Stainless Steel', 'Nest Cam Outdoor Security Camera - USA'})"
0.10849772382397573,"frozenset({'Nest Protect Smoke + CO White Battery Alarm-USA', 'Google Sunglasses', 'Nest Protect Smoke + CO White Wired Alarm-USA', 'Nest Cam Outdoor Security Camera - USA', 'Nest Learning Thermostat 3rd Gen-USA - White'})"
0.11380880121396054,"frozenset({'Nest Protect Smoke + CO White Battery Alarm-USA', 'Google Sunglasses', 'Nest Protect Smoke + CO White Wired Alarm-USA', 'Nest Learning Thermostat 3rd Gen-USA - Stainless Steel', 'Nest Learning Thermostat 3rd Gen-USA - White'})"
0.12291350531107739,"frozenset({'Google Twill Cap', 'Nest Learning Thermostat 3rd Gen-USA - Stainless Steel', 'Nest Cam Outdoor Security Camera - USA', 'Nest Learning Thermostat 3rd Gen-USA - White', 'Nest Cam Indoor Security Camera - USA'})"
0.1464339908952959,"frozenset({'Nest Protect Smoke + CO White Battery Alarm-USA', 'Nest Learning Thermostat 3rd Gen-USA - Stainless Steel', 'Nest Cam Outdoor Security Camera - USA', 'Google Twill Cap', 'Nest Cam Indoor Security Camera - USA'})"
0.13884673748103188,"frozenset({'Nest Protect Smoke + CO White Wired Alarm-USA', 'Nest Learning Thermostat 3rd Gen-USA - Stainless Steel', 'Nest Cam Outdoor Security Camera - USA', 'Google Twill Cap', 'Nest Cam Indoor Security Camera - USA'})"
0.1047040971168437,"frozenset({'Nest Protect Smoke + CO White Battery Alarm-USA', 'Google Twill Cap', 'Nest Cam Outdoor Security Camera - USA', 'Nest Learning Thermostat 3rd Gen-USA - White', 'Nest Cam Indoor Security Camera - USA'})"
0.11608497723823975,"frozenset({'Nest Protect Smoke + CO White Battery Alarm-USA', 'Nest Protect Smoke + CO White Wired Alarm-USA', 'Nest Cam Outdoor Security Camera - USA', 'Google Twill Cap', 'Nest Cam Indoor Security Camera - USA'})"
0.1054628224582701,"frozenset({'Nest Protect Smoke + CO White Battery Alarm-USA', 'Google Twill Cap', 'Nest Learning Thermostat 3rd Gen-USA - Stainless Steel', 'Nest Learning Thermostat 3rd Gen-USA - White', 'Nest Cam Indoor Security Camera - USA'})"
0.11608497723823975,"frozenset({'Nest Protect Smoke + CO White Battery Alarm-USA', 'Nest Protect Smoke + CO White Wired Alarm-USA', 'Nest Learning Thermostat 3rd Gen-USA - Stainless Steel', 'Google Twill Cap', 'Nest Cam Indoor Security Camera - USA'})"
0.1039453717754173,"frozenset({'Nest Protect Smoke + CO White Battery Alarm-USA', 'Google Twill Cap', 'Nest Learning Thermostat 3rd Gen-USA - Stainless Steel', 'Nest Cam Outdoor Security Camera - USA', 'Nest Learning Thermostat 3rd Gen-USA - White'})"
0.11608497723823975,"frozenset({'Nest Protect Smoke + CO White Battery Alarm-USA', 'Nest Protect Smoke + CO White Wired Alarm-USA', 'Nest Learning Thermostat 3rd Gen-USA - Stainless Steel', 'Nest Cam Outdoor Security Camera - USA', 'Google Twill Cap'})"
0.11305007587253414,"frozenset({'Nest Protect Smoke + CO White Battery Alarm-USA', 'Maze Pen', 'Nest Learning Thermostat 3rd Gen-USA - Stainless Steel', 'Nest Cam Outdoor Security Camera - USA', 'Nest Cam Indoor Security Camera - USA'})"
0.10773899848254932,"frozenset({'Maze Pen', 'Nest Protect Smoke + CO White Wired Alarm-USA', 'Nest Learning Thermostat 3rd Gen-USA - Stainless Steel', 'Nest Cam Outdoor Security Camera - USA', 'Nest Cam Indoor Security Camera - USA'})"
0.13884673748103188,"frozenset({'Nest Cam IQ - USA', 'Nest Learning Thermostat 3rd Gen-USA - Stainless Steel', 'Nest Cam Outdoor Security Camera - USA', 'Nest Learning Thermostat 3rd Gen-USA - White', 'Nest Cam Indoor Security Camera - USA'})"
0.13884673748103188,"frozenset({'Nest Protect Smoke + CO White Battery Alarm-USA', 'Nest Cam IQ - USA', 'Nest Learning Thermostat 3rd Gen-USA - Stainless Steel', 'Nest Cam Outdoor Security Camera - USA', 'Nest Cam Indoor Security Camera - USA'})"
0.1282245827010622,"frozenset({'Nest Protect Smoke + CO White Wired Alarm-USA', 'Nest Cam IQ - USA', 'Nest Learning Thermostat 3rd Gen-USA - Stainless Steel', 'Nest Cam Outdoor Security Camera - USA', 'Nest Cam Indoor Security Camera - USA'})"
0.10166919575113809,"frozenset({'Nest Secure Alarm System Starter Pack - USA', 'Nest Cam IQ - USA', 'Nest Learning Thermostat 3rd Gen-USA - Stainless Steel', 'Nest Cam Outdoor Security Camera - USA', 'Nest Cam Indoor Security Camera - USA'})"
0.12215477996965099,"frozenset({'Nest Thermostat E - USA', 'Nest Cam IQ - USA', 'Nest Learning Thermostat 3rd Gen-USA - Stainless Steel', 'Nest Cam Outdoor Security Camera - USA', 'Nest Cam Indoor Security Camera - USA'})"
0.11760242792109256,"frozenset({'Nest Protect Smoke + CO White Battery Alarm-USA', 'Nest Cam IQ - USA', 'Nest Cam Outdoor Security Camera - USA', 'Nest Learning Thermostat 3rd Gen-USA - White', 'Nest Cam Indoor Security Camera - USA'})"
0.10773899848254932,"frozenset({'Nest Protect Smoke + CO White Wired Alarm-USA', 'Nest Cam IQ - USA', 'Nest Cam Outdoor Security Camera - USA', 'Nest Learning Thermostat 3rd Gen-USA - White', 'Nest Cam Indoor Security Camera - USA'})"
0.1062215477996965,"frozenset({'Nest Thermostat E - USA', 'Nest Cam IQ - USA', 'Nest Cam Outdoor Security Camera - USA', 'Nest Learning Thermostat 3rd Gen-USA - White', 'Nest Cam Indoor Security Camera - USA'})"
0.11077389984825493,"frozenset({'Nest Protect Smoke + CO White Battery Alarm-USA', 'Nest Protect Smoke + CO White Wired Alarm-USA', 'Nest Cam IQ - USA', 'Nest Cam Outdoor Security Camera - USA', 'Nest Cam Indoor Security Camera - USA'})"
0.10091047040971168,"frozenset({'Nest Thermostat E - USA', 'Nest Protect Smoke + CO White Battery Alarm-USA', 'Nest Cam IQ - USA', 'Nest Cam Outdoor Security Camera - USA', 'Nest Cam Indoor Security Camera - USA'})"
0.12063732928679818,"frozenset({'Nest Protect Smoke + CO White Battery Alarm-USA', 'Nest Cam IQ - USA', 'Nest Learning Thermostat 3rd Gen-USA - Stainless Steel', 'Nest Learning Thermostat 3rd Gen-USA - White', 'Nest Cam Indoor Security Camera - USA'})"
0.1062215477996965,"frozenset({'Nest Protect Smoke + CO White Wired Alarm-USA', 'Nest Cam IQ - USA', 'Nest Learning Thermostat 3rd Gen-USA - Stainless Steel', 'Nest Learning Thermostat 3rd Gen-USA - White', 'Nest Cam Indoor Security Camera - USA'})"
0.1062215477996965,"frozenset({'Nest Thermostat E - USA', 'Nest Cam IQ - USA', 'Nest Learning Thermostat 3rd Gen-USA - Stainless Steel', 'Nest Learning Thermostat 3rd Gen-USA - White', 'Nest Cam Indoor Security Camera - USA'})"
0.11077389984825493,"frozenset({'Nest Protect Smoke + CO White Battery Alarm-USA', 'Nest Protect Smoke + CO White Wired Alarm-USA', 'Nest Cam IQ - USA', 'Nest Learning Thermostat 3rd Gen-USA - Stainless Steel', 'Nest Cam Indoor Security Camera - USA'})"
0.10166919575113809,"frozenset({'Nest Thermostat E - USA', 'Nest Protect Smoke + CO White Battery Alarm-USA', 'Nest Cam IQ - USA', 'Nest Learning Thermostat 3rd Gen-USA - Stainless Steel', 'Nest Cam Indoor Security Camera - USA'})"
0.11911987860394538,"frozenset({'Nest Protect Smoke + CO White Battery Alarm-USA', 'Nest Cam IQ - USA', 'Nest Learning Thermostat 3rd Gen-USA - Stainless Steel', 'Nest Cam Outdoor Security Camera - USA', 'Nest Learning Thermostat 3rd Gen-USA - White'})"
0.1047040971168437,"frozenset({'Nest Protect Smoke + CO White Wired Alarm-USA', 'Nest Cam IQ - USA', 'Nest Learning Thermostat 3rd Gen-USA - Stainless Steel', 'Nest Cam Outdoor Security Camera - USA', 'Nest Learning Thermostat 3rd Gen-USA - White'})"
0.1039453717754173,"frozenset({'Nest Thermostat E - USA', 'Nest Cam IQ - USA', 'Nest Learning Thermostat 3rd Gen-USA - Stainless Steel', 'Nest Cam Outdoor Security Camera - USA', 'Nest Learning Thermostat 3rd Gen-USA - White'})"
0.11001517450682853,"frozenset({'Nest Protect Smoke + CO White Battery Alarm-USA', 'Nest Protect Smoke + CO White Wired Alarm-USA', 'Nest Cam IQ - USA', 'Nest Learning Thermostat 3rd Gen-USA - Stainless Steel', 'Nest Cam Outdoor Security Camera - USA'})"
0.10015174506828528,"frozenset({'Nest Thermostat E - USA', 'Nest Protect Smoke + CO White Battery Alarm-USA', 'Nest Cam IQ - USA', 'Nest Learning Thermostat 3rd Gen-USA - Stainless Steel', 'Nest Cam Outdoor Security Camera - USA'})"
0.11456752655538695,"frozenset({'Nest Learning Thermostat 3rd Gen-USA - Copper', 'Nest Learning Thermostat 3rd Gen-USA - Stainless Steel', 'Nest Cam Outdoor Security Camera - USA', 'Nest Learning Thermostat 3rd Gen-USA - White', 'Nest Cam Indoor Security Camera - USA'})"
0.12291350531107739,"frozenset({'Nest Learning Thermostat 3rd Gen-USA - Copper', 'Nest Protect Smoke + CO White Battery Alarm-USA', 'Nest Learning Thermostat 3rd Gen-USA - Stainless Steel', 'Nest Cam Outdoor Security Camera - USA', 'Nest Cam Indoor Security Camera - USA'})"
0.10925644916540213,"frozenset({'Nest Learning Thermostat 3rd Gen-USA - Copper', 'Nest Protect Smoke + CO White Wired Alarm-USA', 'Nest Learning Thermostat 3rd Gen-USA - Stainless Steel', 'Nest Cam Outdoor Security Camera - USA', 'Nest Cam Indoor Security Camera - USA'})"
0.208649468892261,"frozenset({'Nest Protect Smoke + CO White Battery Alarm-USA', 'Nest Learning Thermostat 3rd Gen-USA - Stainless Steel', 'Nest Cam Outdoor Security Camera - USA', 'Nest Learning Thermostat 3rd Gen-USA - White', 'Nest Cam Indoor Security Camera - USA'})"
0.19423368740515934,"frozenset({'Nest Protect Smoke + CO White Wired Alarm-USA', 'Nest Learning Thermostat 3rd Gen-USA - Stainless Steel', 'Nest Cam Outdoor Security Camera - USA', 'Nest Learning Thermostat 3rd Gen-USA - White', 'Nest Cam Indoor Security Camera - USA'})"
0.11305007587253414,"frozenset({'Nest Secure Alarm System Starter Pack - USA', 'Nest Learning Thermostat 3rd Gen-USA - Stainless Steel', 'Nest Cam Outdoor Security Camera - USA', 'Nest Learning Thermostat 3rd Gen-USA - White', 'Nest Cam Indoor Security Camera - USA'})"
0.13732928679817905,"frozenset({'Nest Thermostat E - USA', 'Nest Learning Thermostat 3rd Gen-USA - Stainless Steel', 'Nest Cam Outdoor Security Camera - USA', 'Nest Learning Thermostat 3rd Gen-USA - White', 'Nest Cam Indoor Security Camera - USA'})"
0.1039453717754173,"frozenset({'Sport Bag', 'Nest Learning Thermostat 3rd Gen-USA - Stainless Steel', 'Nest Cam Outdoor Security Camera - USA', 'Nest Learning Thermostat 3rd Gen-USA - White', 'Nest Cam Indoor Security Camera - USA'})"
0.10091047040971168,"frozenset({'Windup Android', 'Nest Learning Thermostat 3rd Gen-USA - Stainless Steel', 'Nest Cam Outdoor Security Camera - USA', 'Nest Learning Thermostat 3rd Gen-USA - White', 'Nest Cam Indoor Security Camera - USA'})"
0.1062215477996965,"frozenset({'YouTube Custom Decals', 'Nest Learning Thermostat 3rd Gen-USA - Stainless Steel', 'Nest Cam Outdoor Security Camera - USA', 'Nest Learning Thermostat 3rd Gen-USA - White', 'Nest Cam Indoor Security Camera - USA'})"
0.2298937784522003,"frozenset({'Nest Protect Smoke + CO White Battery Alarm-USA', 'Nest Protect Smoke + CO White Wired Alarm-USA', 'Nest Learning Thermostat 3rd Gen-USA - Stainless Steel', 'Nest Cam Outdoor Security Camera - USA', 'Nest Cam Indoor Security Camera - USA'})"
0.10773899848254932,"frozenset({'Nest Protect Smoke + CO White Battery Alarm-USA', 'Nest Secure Alarm System Starter Pack - USA', 'Nest Learning Thermostat 3rd Gen-USA - Stainless Steel', 'Nest Cam Outdoor Security Camera - USA', 'Nest Cam Indoor Security Camera - USA'})"
0.13125948406676782,"frozenset({'Nest Thermostat E - USA', 'Nest Protect Smoke + CO White Battery Alarm-USA', 'Nest Learning Thermostat 3rd Gen-USA - Stainless Steel', 'Nest Cam Outdoor Security Camera - USA', 'Nest Cam Indoor Security Camera - USA'})"
0.1039453717754173,"frozenset({'Nest Protect Smoke + CO White Battery Alarm-USA', 'Nest Learning Thermostat 3rd Gen-USA - Stainless Steel', 'Red Shine 15 oz Mug', 'Nest Cam Outdoor Security Camera - USA', 'Nest Cam Indoor Security Camera - USA'})"
0.11836115326251896,"frozenset({'Sport Bag', 'Nest Protect Smoke + CO White Battery Alarm-USA', 'Nest Learning Thermostat 3rd Gen-USA - Stainless Steel', 'Nest Cam Outdoor Security Camera - USA', 'Nest Cam Indoor Security Camera - USA'})"
0.11836115326251896,"frozenset({'Windup Android', 'Nest Protect Smoke + CO White Battery Alarm-USA', 'Nest Learning Thermostat 3rd Gen-USA - Stainless Steel', 'Nest Cam Outdoor Security Camera - USA', 'Nest Cam Indoor Security Camera - USA'})"
0.13125948406676782,"frozenset({'YouTube Custom Decals', 'Nest Protect Smoke + CO White Battery Alarm-USA', 'Nest Learning Thermostat 3rd Gen-USA - Stainless Steel', 'Nest Cam Outdoor Security Camera - USA', 'Nest Cam Indoor Security Camera - USA'})"
0.1062215477996965,"frozenset({'Nest Secure Alarm System Starter Pack - USA', 'Nest Protect Smoke + CO White Wired Alarm-USA', 'Nest Learning Thermostat 3rd Gen-USA - Stainless Steel', 'Nest Cam Outdoor Security Camera - USA', 'Nest Cam Indoor Security Camera - USA'})"
0.13125948406676782,"frozenset({'Nest Thermostat E - USA', 'Nest Protect Smoke + CO White Wired Alarm-USA', 'Nest Learning Thermostat 3rd Gen-USA - Stainless Steel', 'Nest Cam Outdoor Security Camera - USA', 'Nest Cam Indoor Security Camera - USA'})"
0.11077389984825493,"frozenset({'Sport Bag', 'Nest Protect Smoke + CO White Wired Alarm-USA', 'Nest Learning Thermostat 3rd Gen-USA - Stainless Steel', 'Nest Cam Outdoor Security Camera - USA', 'Nest Cam Indoor Security Camera - USA'})"
0.11229135053110774,"frozenset({'Windup Android', 'Nest Protect Smoke + CO White Wired Alarm-USA', 'Nest Learning Thermostat 3rd Gen-USA - Stainless Steel', 'Nest Cam Outdoor Security Camera - USA', 'Nest Cam Indoor Security Camera - USA'})"
0.11760242792109256,"frozenset({'YouTube Custom Decals', 'Nest Protect Smoke + CO White Wired Alarm-USA', 'Nest Learning Thermostat 3rd Gen-USA - Stainless Steel', 'Nest Cam Outdoor Security Camera - USA', 'Nest Cam Indoor Security Camera - USA'})"
0.11987860394537178,"frozenset({'Nest Thermostat E - USA', 'Nest Secure Alarm System Starter Pack - USA', 'Nest Learning Thermostat 3rd Gen-USA - Stainless Steel', 'Nest Cam Outdoor Security Camera - USA', 'Nest Cam Indoor Security Camera - USA'})"
0.15857359635811835,"frozenset({'Nest Protect Smoke + CO White Battery Alarm-USA', 'Nest Protect Smoke + CO White Wired Alarm-USA', 'Nest Cam Outdoor Security Camera - USA', 'Nest Learning Thermostat 3rd Gen-USA - White', 'Nest Cam Indoor Security Camera - USA'})"
0.11153262518968134,"frozenset({'Nest Thermostat E - USA', 'Nest Protect Smoke + CO White Battery Alarm-USA', 'Nest Cam Outdoor Security Camera - USA', 'Nest Learning Thermostat 3rd Gen-USA - White', 'Nest Cam Indoor Security Camera - USA'})"
0.11532625189681335,"frozenset({'Nest Thermostat E - USA', 'Nest Protect Smoke + CO White Wired Alarm-USA', 'Nest Cam Outdoor Security Camera - USA', 'Nest Learning Thermostat 3rd Gen-USA - White', 'Nest Cam Indoor Security Camera - USA'})"
0.10166919575113809,"frozenset({'Nest Thermostat E - USA', 'Nest Secure Alarm System Starter Pack - USA', 'Nest Cam Outdoor Security Camera - USA', 'Nest Learning Thermostat 3rd Gen-USA - White', 'Nest Cam Indoor Security Camera - USA'})"
0.10849772382397573,"frozenset({'Nest Thermostat E - USA', 'Nest Protect Smoke + CO White Battery Alarm-USA', 'Nest Protect Smoke + CO White Wired Alarm-USA', 'Nest Cam Outdoor Security Camera - USA', 'Nest Cam Indoor Security Camera - USA'})"
0.16084977238239756,"frozenset({'Nest Protect Smoke + CO White Battery Alarm-USA', 'Nest Protect Smoke + CO White Wired Alarm-USA', 'Nest Learning Thermostat 3rd Gen-USA - Stainless Steel', 'Nest Learning Thermostat 3rd Gen-USA - White', 'Nest Cam Indoor Security Camera - USA'})"
0.11532625189681335,"frozenset({'Nest Thermostat E - USA', 'Nest Protect Smoke + CO White Battery Alarm-USA', 'Nest Learning Thermostat 3rd Gen-USA - Stainless Steel', 'Nest Learning Thermostat 3rd Gen-USA - White', 'Nest Cam Indoor Security Camera - USA'})"
0.11684370257966616,"frozenset({'Nest Thermostat E - USA', 'Nest Protect Smoke + CO White Wired Alarm-USA', 'Nest Learning Thermostat 3rd Gen-USA - Stainless Steel', 'Nest Learning Thermostat 3rd Gen-USA - White', 'Nest Cam Indoor Security Camera - USA'})"
0.1054628224582701,"frozenset({'Nest Thermostat E - USA', 'Nest Secure Alarm System Starter Pack - USA', 'Nest Learning Thermostat 3rd Gen-USA - Stainless Steel', 'Nest Learning Thermostat 3rd Gen-USA - White', 'Nest Cam Indoor Security Camera - USA'})"
0.11229135053110774,"frozenset({'Nest Thermostat E - USA', 'Nest Protect Smoke + CO White Battery Alarm-USA', 'Nest Protect Smoke + CO White Wired Alarm-USA', 'Nest Learning Thermostat 3rd Gen-USA - Stainless Steel', 'Nest Cam Indoor Security Camera - USA'})"
0.10242792109256449,"frozenset({'YouTube Custom Decals', 'Nest Protect Smoke + CO White Battery Alarm-USA', 'Nest Protect Smoke + CO White Wired Alarm-USA', 'Nest Learning Thermostat 3rd Gen-USA - Stainless Steel', 'Nest Cam Indoor Security Camera - USA'})"
0.10015174506828528,"frozenset({'Nest Thermostat E - USA', 'Nest Protect Smoke + CO White Battery Alarm-USA', 'Nest Protect Smoke + CO White Wired Alarm-USA', 'Nest Learning Thermostat 3rd Gen-USA - White', 'Nest Cam Indoor Security Camera - USA'})"
0.15629742033383914,"frozenset({'Nest Protect Smoke + CO White Battery Alarm-USA', 'Nest Protect Smoke + CO White Wired Alarm-USA', 'Nest Learning Thermostat 3rd Gen-USA - Stainless Steel', 'Nest Cam Outdoor Security Camera - USA', 'Nest Learning Thermostat 3rd Gen-USA - White'})"
0.11305007587253414,"frozenset({'Nest Thermostat E - USA', 'Nest Protect Smoke + CO White Battery Alarm-USA', 'Nest Learning Thermostat 3rd Gen-USA - Stainless Steel', 'Nest Cam Outdoor Security Camera - USA', 'Nest Learning Thermostat 3rd Gen-USA - White'})"
0.11380880121396054,"frozenset({'Nest Thermostat E - USA', 'Nest Protect Smoke + CO White Wired Alarm-USA', 'Nest Learning Thermostat 3rd Gen-USA - Stainless Steel', 'Nest Cam Outdoor Security Camera - USA', 'Nest Learning Thermostat 3rd Gen-USA - White'})"
0.10318664643399089,"frozenset({'Nest Thermostat E - USA', 'Nest Secure Alarm System Starter Pack - USA', 'Nest Learning Thermostat 3rd Gen-USA - Stainless Steel', 'Nest Cam Outdoor Security Camera - USA', 'Nest Learning Thermostat 3rd Gen-USA - White'})"
0.10849772382397573,"frozenset({'Nest Thermostat E - USA', 'Nest Protect Smoke + CO White Battery Alarm-USA', 'Nest Protect Smoke + CO White Wired Alarm-USA', 'Nest Learning Thermostat 3rd Gen-USA - Stainless Steel', 'Nest Cam Outdoor Security Camera - USA'})"
0.10091047040971168,"frozenset({'Nest Thermostat E - USA', 'Nest Protect Smoke + CO White Battery Alarm-USA', 'Nest Protect Smoke + CO White Wired Alarm-USA', 'Nest Learning Thermostat 3rd Gen-USA - Stainless Steel', 'Nest Learning Thermostat 3rd Gen-USA - White'})"
0.10242792109256449,"frozenset({'Google 22 oz Water Bottle', 'Google Laptop and Cell Phone Stickers', 'Nest Protect Smoke + CO White Battery Alarm-USA', 'Nest Learning Thermostat 3rd Gen-USA - Stainless Steel', 'Nest Cam Outdoor Security Camera - USA', 'Nest Cam Indoor Security Camera - USA'})"
0.1054628224582701,"frozenset({'Google 22 oz Water Bottle', 'Google Laptop and Cell Phone Stickers', 'Nest Protect Smoke + CO White Wired Alarm-USA', 'Nest Cam Outdoor Security Camera - USA', 'Nest Learning Thermostat 3rd Gen-USA - Stainless Steel', 'Nest Cam Indoor Security Camera - USA'})"
0.10091047040971168,"frozenset({'Google 22 oz Water Bottle', 'Google Sunglasses', 'Nest Learning Thermostat 3rd Gen-USA - Stainless Steel', 'Nest Cam Outdoor Security Camera - USA', 'Nest Learning Thermostat 3rd Gen-USA - White', 'Nest Cam Indoor Security Camera - USA'})"
0.10849772382397573,"frozenset({'Google 22 oz Water Bottle', 'Nest Protect Smoke + CO White Battery Alarm-USA', 'Google Sunglasses', 'Nest Learning Thermostat 3rd Gen-USA - Stainless Steel', 'Nest Cam Outdoor Security Camera - USA', 'Nest Cam Indoor Security Camera - USA'})"
0.10773899848254932,"frozenset({'Google 22 oz Water Bottle', 'Google Sunglasses', 'Nest Protect Smoke + CO White Wired Alarm-USA', 'Nest Cam Outdoor Security Camera - USA', 'Nest Learning Thermostat 3rd Gen-USA - Stainless Steel', 'Nest Cam Indoor Security Camera - USA'})"
0.11456752655538695,"frozenset({'Google 22 oz Water Bottle', 'Nest Protect Smoke + CO White Battery Alarm-USA', 'Nest Learning Thermostat 3rd Gen-USA - Stainless Steel', 'Nest Cam Outdoor Security Camera - USA', 'Nest Learning Thermostat 3rd Gen-USA - White', 'Nest Cam Indoor Security Camera - USA'})"
0.11153262518968134,"frozenset({'Google 22 oz Water Bottle', 'Nest Protect Smoke + CO White Wired Alarm-USA', 'Nest Learning Thermostat 3rd Gen-USA - Stainless Steel', 'Nest Cam Outdoor Security Camera - USA', 'Nest Learning Thermostat 3rd Gen-USA - White', 'Nest Cam Indoor Security Camera - USA'})"
0.1236722306525038,"frozenset({'Google 22 oz Water Bottle', 'Nest Protect Smoke + CO White Battery Alarm-USA', 'Nest Protect Smoke + CO White Wired Alarm-USA', 'Nest Learning Thermostat 3rd Gen-USA - Stainless Steel', 'Nest Cam Outdoor Security Camera - USA', 'Nest Cam Indoor Security Camera - USA'})"
0.11229135053110774,"frozenset({'Google Laptop and Cell Phone Stickers', 'Google Sunglasses', 'Nest Learning Thermostat 3rd Gen-USA - Stainless Steel', 'Nest Cam Outdoor Security Camera - USA', 'Nest Learning Thermostat 3rd Gen-USA - White', 'Nest Cam Indoor Security Camera - USA'})"
0.12974203338391502,"frozenset({'Google Laptop and Cell Phone Stickers', 'Nest Protect Smoke + CO White Battery Alarm-USA', 'Google Sunglasses', 'Nest Learning Thermostat 3rd Gen-USA - Stainless Steel', 'Nest Cam Outdoor Security Camera - USA', 'Nest Cam Indoor Security Camera - USA'})"
0.12291350531107739,"frozenset({'Google Laptop and Cell Phone Stickers', 'Google Sunglasses', 'Nest Protect Smoke + CO White Wired Alarm-USA', 'Nest Cam Outdoor Security Camera - USA', 'Nest Learning Thermostat 3rd Gen-USA - Stainless Steel', 'Nest Cam Indoor Security Camera - USA'})"
0.1039453717754173,"frozenset({'Google Laptop and Cell Phone Stickers', 'Nest Protect Smoke + CO White Battery Alarm-USA', 'Google Sunglasses', 'Nest Protect Smoke + CO White Wired Alarm-USA', 'Nest Cam Outdoor Security Camera - USA', 'Nest Cam Indoor Security Camera - USA'})"
0.10698027314112292,"frozenset({'Google Laptop and Cell Phone Stickers', 'Nest Protect Smoke + CO White Battery Alarm-USA', 'Google Sunglasses', 'Nest Protect Smoke + CO White Wired Alarm-USA', 'Nest Learning Thermostat 3rd Gen-USA - Stainless Steel', 'Nest Cam Indoor Security Camera - USA'})"
0.1039453717754173,"frozenset({'Google Laptop and Cell Phone Stickers', 'Nest Protect Smoke + CO White Battery Alarm-USA', 'Google Sunglasses', 'Nest Protect Smoke + CO White Wired Alarm-USA', 'Nest Learning Thermostat 3rd Gen-USA - Stainless Steel', 'Nest Cam Outdoor Security Camera - USA'})"
0.1274658573596358,"frozenset({'Google Laptop and Cell Phone Stickers', 'Nest Protect Smoke + CO White Battery Alarm-USA', 'Nest Learning Thermostat 3rd Gen-USA - Stainless Steel', 'Nest Cam Outdoor Security Camera - USA', 'Nest Learning Thermostat 3rd Gen-USA - White', 'Nest Cam Indoor Security Camera - USA'})"
0.11380880121396054,"frozenset({'Google Laptop and Cell Phone Stickers', 'Nest Protect Smoke + CO White Wired Alarm-USA', 'Nest Learning Thermostat 3rd Gen-USA - Stainless Steel', 'Nest Cam Outdoor Security Camera - USA', 'Nest Learning Thermostat 3rd Gen-USA - White', 'Nest Cam Indoor Security Camera - USA'})"
0.13960546282245828,"frozenset({'Google Laptop and Cell Phone Stickers', 'Nest Protect Smoke + CO White Battery Alarm-USA', 'Nest Protect Smoke + CO White Wired Alarm-USA', 'Nest Learning Thermostat 3rd Gen-USA - Stainless Steel', 'Nest Cam Outdoor Security Camera - USA', 'Nest Cam Indoor Security Camera - USA'})"
0.10015174506828528,"frozenset({'Google Laptop and Cell Phone Stickers', 'Nest Protect Smoke + CO White Battery Alarm-USA', 'Nest Protect Smoke + CO White Wired Alarm-USA', 'Nest Learning Thermostat 3rd Gen-USA - Stainless Steel', 'Nest Learning Thermostat 3rd Gen-USA - White', 'Nest Cam Indoor Security Camera - USA'})"
0.1047040971168437,"frozenset({'Nest Protect Smoke + CO White Battery Alarm-USA', 'Nest Protect Smoke + CO White Wired Alarm-USA', 'Nest Learning Thermostat 3rd Gen-USA - Stainless Steel', 'Nest Cam Outdoor Security Camera - USA', ""Google Men's 100% Cotton Short Sleeve Hero Tee Black"", 'Nest Cam Indoor Security Camera - USA'})"
0.10015174506828528,"frozenset({'Nest Protect Smoke + CO White Battery Alarm-USA', 'Google Sunglasses', 'Nest Learning Thermostat 3rd Gen-USA - Stainless Steel', 'Nest Cam Outdoor Security Camera - USA', 'Google Twill Cap', 'Nest Cam Indoor Security Camera - USA'})"
0.13353566009104703,"frozenset({'Nest Protect Smoke + CO White Battery Alarm-USA', 'Google Sunglasses', 'Nest Learning Thermostat 3rd Gen-USA - Stainless Steel', 'Nest Cam Outdoor Security Camera - USA', 'Nest Learning Thermostat 3rd Gen-USA - White', 'Nest Cam Indoor Security Camera - USA'})"
0.1282245827010622,"frozenset({'Google Sunglasses', 'Nest Protect Smoke + CO White Wired Alarm-USA', 'Nest Learning Thermostat 3rd Gen-USA - Stainless Steel', 'Nest Cam Outdoor Security Camera - USA', 'Nest Learning Thermostat 3rd Gen-USA - White', 'Nest Cam Indoor Security Camera - USA'})"
0.1449165402124431,"frozenset({'Nest Protect Smoke + CO White Battery Alarm-USA', 'Google Sunglasses', 'Nest Protect Smoke + CO White Wired Alarm-USA', 'Nest Learning Thermostat 3rd Gen-USA - Stainless Steel', 'Nest Cam Outdoor Security Camera - USA', 'Nest Cam Indoor Security Camera - USA'})"
0.10773899848254932,"frozenset({'Nest Protect Smoke + CO White Battery Alarm-USA', 'Google Sunglasses', 'Nest Protect Smoke + CO White Wired Alarm-USA', 'Nest Cam Outdoor Security Camera - USA', 'Nest Learning Thermostat 3rd Gen-USA - White', 'Nest Cam Indoor Security Camera - USA'})"
0.11153262518968134,"frozenset({'Nest Protect Smoke + CO White Battery Alarm-USA', 'Google Sunglasses', 'Nest Protect Smoke + CO White Wired Alarm-USA', 'Nest Learning Thermostat 3rd Gen-USA - Stainless Steel', 'Nest Learning Thermostat 3rd Gen-USA - White', 'Nest Cam Indoor Security Camera - USA'})"
0.10698027314112292,"frozenset({'Nest Protect Smoke + CO White Battery Alarm-USA', 'Google Sunglasses', 'Nest Protect Smoke + CO White Wired Alarm-USA', 'Nest Learning Thermostat 3rd Gen-USA - Stainless Steel', 'Nest Cam Outdoor Security Camera - USA', 'Nest Learning Thermostat 3rd Gen-USA - White'})"
0.10166919575113809,"frozenset({'Nest Protect Smoke + CO White Battery Alarm-USA', 'Google Twill Cap', 'Nest Learning Thermostat 3rd Gen-USA - Stainless Steel', 'Nest Cam Outdoor Security Camera - USA', 'Nest Learning Thermostat 3rd Gen-USA - White', 'Nest Cam Indoor Security Camera - USA'})"
0.11456752655538695,"frozenset({'Nest Protect Smoke + CO White Battery Alarm-USA', 'Nest Protect Smoke + CO White Wired Alarm-USA', 'Nest Learning Thermostat 3rd Gen-USA - Stainless Steel', 'Nest Cam Outdoor Security Camera - USA', 'Google Twill Cap', 'Nest Cam Indoor Security Camera - USA'})"
0.11456752655538695,"frozenset({'Nest Protect Smoke + CO White Battery Alarm-USA', 'Nest Cam IQ - USA', 'Nest Learning Thermostat 3rd Gen-USA - Stainless Steel', 'Nest Cam Outdoor Security Camera - USA', 'Nest Learning Thermostat 3rd Gen-USA - White', 'Nest Cam Indoor Security Camera - USA'})"
0.1039453717754173,"frozenset({'Nest Protect Smoke + CO White Wired Alarm-USA', 'Nest Cam IQ - USA', 'Nest Learning Thermostat 3rd Gen-USA - Stainless Steel', 'Nest Cam Outdoor Security Camera - USA', 'Nest Learning Thermostat 3rd Gen-USA - White', 'Nest Cam Indoor Security Camera - USA'})"
0.10166919575113809,"frozenset({'Nest Thermostat E - USA', 'Nest Cam IQ - USA', 'Nest Learning Thermostat 3rd Gen-USA - Stainless Steel', 'Nest Cam Outdoor Security Camera - USA', 'Nest Learning Thermostat 3rd Gen-USA - White', 'Nest Cam Indoor Security Camera - USA'})"
0.10849772382397573,"frozenset({'Nest Protect Smoke + CO White Battery Alarm-USA', 'Nest Protect Smoke + CO White Wired Alarm-USA', 'Nest Cam IQ - USA', 'Nest Learning Thermostat 3rd Gen-USA - Stainless Steel', 'Nest Cam Outdoor Security Camera - USA', 'Nest Cam Indoor Security Camera - USA'})"
0.15402124430955993,"frozenset({'Nest Protect Smoke + CO White Battery Alarm-USA', 'Nest Protect Smoke + CO White Wired Alarm-USA', 'Nest Learning Thermostat 3rd Gen-USA - Stainless Steel', 'Nest Cam Outdoor Security Camera - USA', 'Nest Learning Thermostat 3rd Gen-USA - White', 'Nest Cam Indoor Security Camera - USA'})"
0.10925644916540213,"frozenset({'Nest Thermostat E - USA', 'Nest Protect Smoke + CO White Battery Alarm-USA', 'Nest Learning Thermostat 3rd Gen-USA - Stainless Steel', 'Nest Cam Outdoor Security Camera - USA', 'Nest Learning Thermostat 3rd Gen-USA - White', 'Nest Cam Indoor Security Camera - USA'})"
0.11153262518968134,"frozenset({'Nest Thermostat E - USA', 'Nest Protect Smoke + CO White Wired Alarm-USA', 'Nest Learning Thermostat 3rd Gen-USA - Stainless Steel', 'Nest Cam Outdoor Security Camera - USA', 'Nest Learning Thermostat 3rd Gen-USA - White', 'Nest Cam Indoor Security Camera - USA'})"
0.1062215477996965,"frozenset({'Nest Thermostat E - USA', 'Nest Protect Smoke + CO White Battery Alarm-USA', 'Nest Protect Smoke + CO White Wired Alarm-USA', 'Nest Learning Thermostat 3rd Gen-USA - Stainless Steel', 'Nest Cam Outdoor Security Camera - USA', 'Nest Cam Indoor Security Camera - USA'})"
0.10242792109256449,"frozenset({'Google Laptop and Cell Phone Stickers', 'Nest Protect Smoke + CO White Battery Alarm-USA', 'Google Sunglasses', 'Nest Protect Smoke + CO White Wired Alarm-USA', 'Nest Cam Outdoor Security Camera - USA', 'Nest Learning Thermostat 3rd Gen-USA - Stainless Steel', 'Nest Cam Indoor Security Camera - USA'})"
0.1062215477996965,"frozenset({'Nest Protect Smoke + CO White Battery Alarm-USA', 'Google Sunglasses', 'Nest Protect Smoke + CO White Wired Alarm-USA', 'Nest Learning Thermostat 3rd Gen-USA - Stainless Steel', 'Nest Cam Outdoor Security Camera - USA', 'Nest Learning Thermostat 3rd Gen-USA - White', 'Nest Cam Indoor Security Camera - USA'})"
